INSERT INTO figure (id, scale, brand, origin_url) VALUES ('1', '1/7', 'Alter', 'https://alter-web.jp/products/503/');
INSERT INTO figure_name (figure_id, language_code, text) VALUES ('1', 'ja', 'フォーミダブル');
INSERT INTO series_name (figure_id, language_code, text) VALUES ('1', 'ja', 'アズールレーン');
INSERT INTO figure (id, scale, brand, origin_url) VALUES ('2', '1/7', 'Alter', 'https://alter-web.jp/products/507/');
INSERT INTO figure_name (figure_id, language_code, text) VALUES ('2', 'ja', '鷺沢 文香　潮風の一頁Ver.');
INSERT INTO series_name (figure_id, language_code, text) VALUES ('2', 'ja', 'アイドルマスター シンデレラガールズ');
INSERT INTO figure (id, scale, brand, origin_url) VALUES ('3', '1/7', 'Alter', 'https://alter-web.jp/products/508/');
INSERT INTO figure_name (figure_id, language_code, text) VALUES ('3', 'ja', 'キャスター／紫式部');
INSERT INTO series_name (figure_id, language_code, text) VALUES ('3', 'ja', 'Fate/Grand Order');
INSERT INTO figure (id, scale, brand, origin_url) VALUES ('4', '1/7', 'Alter', 'https://alter-web.jp/products/501/');
INSERT INTO figure_name (figure_id, language_code, text) VALUES ('4', 'ja', '桑山 千雪　よそゆき顔のセレナーデVer.');
INSERT INTO series_name (figure_id, language_code, text) VALUES ('4', 'ja', 'アイドルマスター シャイニーカラーズ');
INSERT INTO figure (id, scale, brand, origin_url) VALUES ('5', '1/7', 'Alter', 'https://alter-web.jp/products/230/');
INSERT INTO figure_name (figure_id, language_code, text) VALUES ('5', 'ja', 'アヴェンジャー／ジャンヌ・ダルク〔オルタ〕');
INSERT INTO series_name (figure_id, language_code, text) VALUES ('5', 'ja', 'Fate/Grand Order');
INSERT INTO figure (id, scale, brand, origin_url) VALUES ('6', '1/7', 'Alter', 'https://alter-web.jp/products/499/');
INSERT INTO figure_name (figure_id, language_code, text) VALUES ('6', 'ja', 'ジャベリン　ビーチピクニック！Ver.');
INSERT INTO series_name (figure_id, language_code, text) VALUES ('6', 'ja', 'アズールレーン');
INSERT INTO figure (id, scale, brand, origin_url) VALUES ('7', '1/7', 'Alter', 'https://alter-web.jp/products/502/');
INSERT INTO figure_name (figure_id, language_code, text) VALUES ('7', 'ja', 'ミリム・ナーヴァ');
INSERT INTO series_name (figure_id, language_code, text) VALUES ('7', 'ja', '転生したらスライムだった件');
INSERT INTO figure (id, scale, brand, origin_url) VALUES ('8', '1/7', 'Alter', 'https://alter-web.jp/products/497/');
INSERT INTO figure_name (figure_id, language_code, text) VALUES ('8', 'ja', 'ベルファスト　彩雲の薔薇Ver.');
INSERT INTO series_name (figure_id, language_code, text) VALUES ('8', 'ja', 'アズールレーン');
INSERT INTO figure (id, scale, brand, origin_url) VALUES ('9', '1/7', 'Alter', 'https://alter-web.jp/products/498/');
INSERT INTO figure_name (figure_id, language_code, text) VALUES ('9', 'ja', 'バーサーカー／宮本 武蔵');
INSERT INTO series_name (figure_id, language_code, text) VALUES ('9', 'ja', 'Fate/Grand Order');
INSERT INTO figure (id, scale, brand, origin_url) VALUES ('10', '1/7', 'Alter', 'https://alter-web.jp/products/495/');
INSERT INTO figure_name (figure_id, language_code, text) VALUES ('10', 'ja', 'シリアス　青雲映す碧波Ver.');
INSERT INTO series_name (figure_id, language_code, text) VALUES ('10', 'ja', 'アズールレーン');
INSERT INTO figure (id, scale, brand, origin_url) VALUES ('11', '1/7', 'Alter', 'https://alter-web.jp/products/490/');
INSERT INTO figure_name (figure_id, language_code, text) VALUES ('11', 'ja', 'ル・トリオンファン');
INSERT INTO series_name (figure_id, language_code, text) VALUES ('11', 'ja', 'アズールレーン');
INSERT INTO figure (id, scale, brand, origin_url) VALUES ('12', '1/7', 'Alter', 'https://alter-web.jp/products/491/');
INSERT INTO figure_name (figure_id, language_code, text) VALUES ('12', 'ja', 'ル・トリオンファン　軽装Ver.');
INSERT INTO series_name (figure_id, language_code, text) VALUES ('12', 'ja', 'アズールレーン');
INSERT INTO figure (id, scale, brand, origin_url) VALUES ('13', '1/7', 'Alter', 'https://alter-web.jp/products/91/');
INSERT INTO figure_name (figure_id, language_code, text) VALUES ('13', 'ja', 'ブラックハート');
INSERT INTO series_name (figure_id, language_code, text) VALUES ('13', 'ja', '超次元ゲイム ネプテューヌ');
INSERT INTO figure (id, scale, brand, origin_url) VALUES ('14', '1/7', 'Alter', 'https://alter-web.jp/products/181/');
INSERT INTO figure_name (figure_id, language_code, text) VALUES ('14', 'ja', 'パープルハート');
INSERT INTO series_name (figure_id, language_code, text) VALUES ('14', 'ja', '超次元ゲイム ネプテューヌ');
INSERT INTO figure (id, scale, brand, origin_url) VALUES ('15', '1/7', 'Alter', 'https://alter-web.jp/products/486/');
INSERT INTO figure_name (figure_id, language_code, text) VALUES ('15', 'ja', 'ソフィー（ソフィー・ノイエンミュラー）');
INSERT INTO series_name (figure_id, language_code, text) VALUES ('15', 'ja', 'ソフィーのアトリエ ～不思議な本の錬金術士～');
INSERT INTO figure (id, scale, brand, origin_url) VALUES ('16', '1/8', 'Alter', 'https://alter-web.jp/products/243/');
INSERT INTO figure_name (figure_id, language_code, text) VALUES ('16', 'ja', '時崎 狂三');
INSERT INTO series_name (figure_id, language_code, text) VALUES ('16', 'ja', '劇場版 デート・ア・ライブ 万由里ジャッジメント');
INSERT INTO figure (id, scale, brand, origin_url) VALUES ('17', '1/7', 'Alter', 'https://alter-web.jp/products/494/');
INSERT INTO figure_name (figure_id, language_code, text) VALUES ('17', 'ja', 'アスナ　ウンディーネVer.');
INSERT INTO series_name (figure_id, language_code, text) VALUES ('17', 'ja', 'ソードアート・オンライン');
INSERT INTO figure (id, scale, brand, origin_url) VALUES ('18', '1/8', 'Alter', 'https://alter-web.jp/products/496/');
INSERT INTO figure_name (figure_id, language_code, text) VALUES ('18', 'ja', '栗花落 カナヲ');
INSERT INTO series_name (figure_id, language_code, text) VALUES ('18', 'ja', '鬼滅の刃');
INSERT INTO figure (id, scale, brand, origin_url) VALUES ('19', '1/7', 'Alter', 'https://alter-web.jp/products/488/');
INSERT INTO figure_name (figure_id, language_code, text) VALUES ('19', 'ja', '空 銀子　猫耳姉弟子Ver.');
INSERT INTO series_name (figure_id, language_code, text) VALUES ('19', 'ja', 'りゅうおうのおしごと！');
INSERT INTO figure (id, scale, brand, origin_url) VALUES ('20', '1/7', 'Alter', 'https://alter-web.jp/products/479/');
INSERT INTO figure_name (figure_id, language_code, text) VALUES ('20', 'ja', 'セントルイス');
INSERT INTO series_name (figure_id, language_code, text) VALUES ('20', 'ja', 'アズールレーン');
INSERT INTO figure (id, scale, brand, origin_url) VALUES ('21', '1/7', 'Alter', 'https://alter-web.jp/products/478/');
INSERT INTO figure_name (figure_id, language_code, text) VALUES ('21', 'ja', 'セントルイス　軽装Ver.');
INSERT INTO series_name (figure_id, language_code, text) VALUES ('21', 'ja', 'アズールレーン');
INSERT INTO figure (id, scale, brand, origin_url) VALUES ('22', '1/7', 'Alter', 'https://alter-web.jp/products/492/');
INSERT INTO figure_name (figure_id, language_code, text) VALUES ('22', 'ja', '食蜂 操祈　スク水ニーソVer.');
INSERT INTO series_name (figure_id, language_code, text) VALUES ('22', 'ja', 'とある科学の超電磁砲Ｔ');
INSERT INTO figure (id, scale, brand, origin_url) VALUES ('23', '1/7', 'Alter', 'https://alter-web.jp/products/218/');
INSERT INTO figure_name (figure_id, language_code, text) VALUES ('23', 'ja', 'アスナ');
INSERT INTO series_name (figure_id, language_code, text) VALUES ('23', 'ja', '劇場版 ソードアート・オンライン -オーディナル・スケール-');
INSERT INTO figure (id, scale, brand, origin_url) VALUES ('24', '1/7', 'Alter', 'https://alter-web.jp/products/489/');
INSERT INTO figure_name (figure_id, language_code, text) VALUES ('24', 'ja', 'リラ（リラ・ディザイアス）');
INSERT INTO series_name (figure_id, language_code, text) VALUES ('24', 'ja', 'ライザのアトリエ ～常闇の女王と秘密の隠れ家～');
INSERT INTO figure (id, scale, brand, origin_url) VALUES ('25', '1/7', 'Alter', 'https://alter-web.jp/products/264/');
INSERT INTO figure_name (figure_id, language_code, text) VALUES ('25', 'ja', 'プリンツ・オイゲン');
INSERT INTO series_name (figure_id, language_code, text) VALUES ('25', 'ja', 'アズールレーン');
INSERT INTO figure (id, scale, brand, origin_url) VALUES ('26', '1/7', 'Alter', 'https://alter-web.jp/products/483/');
INSERT INTO figure_name (figure_id, language_code, text) VALUES ('26', 'ja', '神谷 奈緒　一陣の情熱Ver.');
INSERT INTO series_name (figure_id, language_code, text) VALUES ('26', 'ja', 'アイドルマスター シンデレラガールズ');
INSERT INTO figure (id, scale, brand, origin_url) VALUES ('27', '1/7', 'Alter', 'https://alter-web.jp/products/197/');
INSERT INTO figure_name (figure_id, language_code, text) VALUES ('27', 'ja', 'プラフタ');
INSERT INTO series_name (figure_id, language_code, text) VALUES ('27', 'ja', 'ソフィーのアトリエ ～不思議な本の錬金術士～');
INSERT INTO figure (id, scale, brand, origin_url) VALUES ('28', '1/6', 'Alter', 'https://alter-web.jp/products/482/');
INSERT INTO figure_name (figure_id, language_code, text) VALUES ('28', 'ja', 'ハチロク　水着Ver.');
INSERT INTO series_name (figure_id, language_code, text) VALUES ('28', 'ja', 'まいてつ pure station');
INSERT INTO figure (id, scale, brand, origin_url) VALUES ('29', '1/7', 'Alter', 'https://alter-web.jp/products/533/');
INSERT INTO figure_name (figure_id, language_code, text) VALUES ('29', 'ja', '冬坂 五百里');
INSERT INTO series_name (figure_id, language_code, text) VALUES ('29', 'ja', '十三機兵防衛圏');
INSERT INTO figure (id, scale, brand, origin_url) VALUES ('30', '1/7', 'Alter', 'https://alter-web.jp/products/535/');
INSERT INTO figure_name (figure_id, language_code, text) VALUES ('30', 'ja', 'ランサー／謎のアルターエゴ・Λ');
INSERT INTO series_name (figure_id, language_code, text) VALUES ('30', 'ja', 'Fate/Grand Order');
INSERT INTO figure (id, scale, brand, origin_url) VALUES ('31', '1/7', 'Alter', 'https://alter-web.jp/products/527/');
INSERT INTO figure_name (figure_id, language_code, text) VALUES ('31', 'ja', 'ポーラ　水辺のハプニング？Ver.');
INSERT INTO series_name (figure_id, language_code, text) VALUES ('31', 'ja', 'アズールレーン');
INSERT INTO figure (id, scale, brand, origin_url) VALUES ('32', '1/7', 'Alter', 'https://alter-web.jp/products/530/');
INSERT INTO figure_name (figure_id, language_code, text) VALUES ('32', 'ja', '愛宕＆高雄　レースクイーンVer.');
INSERT INTO series_name (figure_id, language_code, text) VALUES ('32', 'ja', 'アズールレーン');
INSERT INTO figure (id, scale, brand, origin_url) VALUES ('33', '1/7', 'Alter', 'https://alter-web.jp/products/528/');
INSERT INTO figure_name (figure_id, language_code, text) VALUES ('33', 'ja', '愛宕　凄艶のマックススピードVer.');
INSERT INTO series_name (figure_id, language_code, text) VALUES ('33', 'ja', 'アズールレーン');
INSERT INTO figure (id, scale, brand, origin_url) VALUES ('34', '1/7', 'Alter', 'https://alter-web.jp/products/529/');
INSERT INTO figure_name (figure_id, language_code, text) VALUES ('34', 'ja', '高雄　魅惑のフルドライブVer.');
INSERT INTO series_name (figure_id, language_code, text) VALUES ('34', 'ja', 'アズールレーン');
INSERT INTO figure (id, scale, brand, origin_url) VALUES ('35', '1/7', 'Alter', 'https://alter-web.jp/products/245/');
INSERT INTO figure_name (figure_id, language_code, text) VALUES ('35', 'ja', '愛宕　真夏の行進曲Ver.');
INSERT INTO series_name (figure_id, language_code, text) VALUES ('35', 'ja', 'アズールレーン');
INSERT INTO figure (id, scale, brand, origin_url) VALUES ('36', '1/7', 'Alter', 'https://alter-web.jp/products/255/');
INSERT INTO figure_name (figure_id, language_code, text) VALUES ('36', 'ja', '高雄　砂浜ラプソディVer.');
INSERT INTO series_name (figure_id, language_code, text) VALUES ('36', 'ja', 'アズールレーン');
INSERT INTO figure (id, scale, brand, origin_url) VALUES ('37', '1/7', 'Alter', 'https://alter-web.jp/products/531/');
INSERT INTO figure_name (figure_id, language_code, text) VALUES ('37', 'ja', 'ボルチモア　エースの放課後Ver.');
INSERT INTO series_name (figure_id, language_code, text) VALUES ('37', 'ja', 'アズールレーン');
INSERT INTO figure (id, scale, brand, origin_url) VALUES ('38', '1/7', 'Alter', 'https://alter-web.jp/products/524/');
INSERT INTO figure_name (figure_id, language_code, text) VALUES ('38', 'ja', 'ライザ（ライザリン・シュタウト）');
INSERT INTO series_name (figure_id, language_code, text) VALUES ('38', 'ja', 'ライザのアトリエ ～常闇の女王と秘密の隠れ家～');
INSERT INTO figure (id, scale, brand, origin_url) VALUES ('39', '1/7', 'Alter', 'https://alter-web.jp/products/523/');
INSERT INTO figure_name (figure_id, language_code, text) VALUES ('39', 'ja', 'シュヴァルツ　昇進２Ver.');
INSERT INTO series_name (figure_id, language_code, text) VALUES ('39', 'ja', 'アークナイツ');
INSERT INTO figure (id, scale, brand, origin_url) VALUES ('40', '1/7', 'Alter', 'https://alter-web.jp/products/526/');
INSERT INTO figure_name (figure_id, language_code, text) VALUES ('40', 'ja', '吾妻　語らいの春霞Ver.');
INSERT INTO series_name (figure_id, language_code, text) VALUES ('40', 'ja', 'アズールレーン');
INSERT INTO figure (id, scale, brand, origin_url) VALUES ('41', '1/7', 'Alter', 'https://alter-web.jp/products/525/');
INSERT INTO figure_name (figure_id, language_code, text) VALUES ('41', 'ja', '吾妻　語らいの春霞 軽装Ver.');
INSERT INTO series_name (figure_id, language_code, text) VALUES ('41', 'ja', 'アズールレーン');
INSERT INTO figure (id, scale, brand, origin_url) VALUES ('42', '1/7', 'Alter', 'https://alter-web.jp/products/520/');
INSERT INTO figure_name (figure_id, language_code, text) VALUES ('42', 'ja', '芹沢 あさひ　空と青とアイツVer.');
INSERT INTO series_name (figure_id, language_code, text) VALUES ('42', 'ja', 'アイドルマスター シャイニーカラーズ');
INSERT INTO figure (id, scale, brand, origin_url) VALUES ('43', '1/8', 'Alter', 'https://alter-web.jp/products/514/');
INSERT INTO figure_name (figure_id, language_code, text) VALUES ('43', 'ja', 'ルプスレギナ・ベータ　so-bin Ver.');
INSERT INTO series_name (figure_id, language_code, text) VALUES ('43', 'ja', 'オーバーロード');
INSERT INTO figure (id, scale, brand, origin_url) VALUES ('44', '1/7', 'Alter', 'https://alter-web.jp/products/253/');
INSERT INTO figure_name (figure_id, language_code, text) VALUES ('44', 'ja', '速水 奏　ミスティック・ドーンVer.');
INSERT INTO series_name (figure_id, language_code, text) VALUES ('44', 'ja', 'アイドルマスター シンデレラガールズ');
INSERT INTO figure (id, scale, brand, origin_url) VALUES ('45', '1/7', 'Alter', 'https://alter-web.jp/products/479/');
INSERT INTO figure_name (figure_id, language_code, text) VALUES ('45', 'ja', 'セントルイス');
INSERT INTO series_name (figure_id, language_code, text) VALUES ('45', 'ja', 'アズールレーン');
INSERT INTO figure (id, scale, brand, origin_url) VALUES ('46', '1/7', 'Alter', 'https://alter-web.jp/products/478/');
INSERT INTO figure_name (figure_id, language_code, text) VALUES ('46', 'ja', 'セントルイス　軽装Ver.');
INSERT INTO series_name (figure_id, language_code, text) VALUES ('46', 'ja', 'アズールレーン');
INSERT INTO figure (id, scale, brand, origin_url) VALUES ('47', '1/7', 'Alter', 'https://alter-web.jp/products/264/');
INSERT INTO figure_name (figure_id, language_code, text) VALUES ('47', 'ja', 'プリンツ・オイゲン');
INSERT INTO series_name (figure_id, language_code, text) VALUES ('47', 'ja', 'アズールレーン');
INSERT INTO figure (id, scale, brand, origin_url) VALUES ('48', '1/8', 'Alter', 'https://alter-web.jp/products/517/');
INSERT INTO figure_name (figure_id, language_code, text) VALUES ('48', 'ja', 'ムーンキャンサー／BB　南国小麦色Ver.');
INSERT INTO series_name (figure_id, language_code, text) VALUES ('48', 'ja', 'Fate/Grand Order');
INSERT INTO figure (id, scale, brand, origin_url) VALUES ('49', '1/8', 'Alter', 'https://alter-web.jp/products/518/');
INSERT INTO figure_name (figure_id, language_code, text) VALUES ('49', 'ja', 'ムーンキャンサー／BB　小悪魔たまご肌Ver.');
INSERT INTO series_name (figure_id, language_code, text) VALUES ('49', 'ja', 'Fate/Grand Order');
INSERT INTO figure (id, scale, brand, origin_url) VALUES ('50', '1/8', 'Alter', 'https://alter-web.jp/products/516/');
INSERT INTO figure_name (figure_id, language_code, text) VALUES ('50', 'ja', 'フランドール・スカーレット');
INSERT INTO series_name (figure_id, language_code, text) VALUES ('50', 'ja', '東方Project');
INSERT INTO figure (id, scale, brand, origin_url) VALUES ('51', '1/7', 'Alter', 'https://alter-web.jp/products/251/');
INSERT INTO figure_name (figure_id, language_code, text) VALUES ('51', 'ja', 'スカサハ　刺し穿つバニーVer.');
INSERT INTO series_name (figure_id, language_code, text) VALUES ('51', 'ja', 'Fate/Grand Order');
INSERT INTO figure (id, scale, brand, origin_url) VALUES ('52', '1/7', 'Alter', 'https://alter-web.jp/products/515/');
INSERT INTO figure_name (figure_id, language_code, text) VALUES ('52', 'ja', '【EVA GLOBAL】アヤナミレイ（仮称）Millennials Illust Ver. フィギュア');
INSERT INTO series_name (figure_id, language_code, text) VALUES ('52', 'ja', '「エヴァンゲリオン」シリーズ');
INSERT INTO figure (id, scale, brand, origin_url) VALUES ('53', '1/7', 'Alter', 'https://alter-web.jp/products/510/');
INSERT INTO figure_name (figure_id, language_code, text) VALUES ('53', 'ja', 'ホノルル');
INSERT INTO series_name (figure_id, language_code, text) VALUES ('53', 'ja', 'アズールレーン');
INSERT INTO figure (id, scale, brand, origin_url) VALUES ('54', '1/7', 'Alter', 'https://alter-web.jp/products/511/');
INSERT INTO figure_name (figure_id, language_code, text) VALUES ('54', 'ja', 'ホノルル　軽装Ver.');
INSERT INTO series_name (figure_id, language_code, text) VALUES ('54', 'ja', 'アズールレーン');
INSERT INTO figure (id, scale, brand, origin_url) VALUES ('55', '1/7', 'Alter', 'https://alter-web.jp/products/513/');
INSERT INTO figure_name (figure_id, language_code, text) VALUES ('55', 'ja', '宮本 フレデリカ　フレ・デ・ラ・モードVer.');
INSERT INTO series_name (figure_id, language_code, text) VALUES ('55', 'ja', 'アイドルマスター シンデレラガールズ');
INSERT INTO figure (id, scale, brand, origin_url) VALUES ('56', '1/7', 'Alter', 'https://alter-web.jp/products/509/');
INSERT INTO figure_name (figure_id, language_code, text) VALUES ('56', 'ja', '加藤恵　Memorial Ver.');
INSERT INTO series_name (figure_id, language_code, text) VALUES ('56', 'ja', '冴えない彼女の育てかた Fine');
INSERT INTO figure (id, scale, brand, origin_url) VALUES ('57', '1/7', 'Alter', 'https://alter-web.jp/products/504/');
INSERT INTO figure_name (figure_id, language_code, text) VALUES ('57', 'ja', 'グラーフ・ツェッペリン　砂浜のウルズVer.');
INSERT INTO series_name (figure_id, language_code, text) VALUES ('57', 'ja', 'アズールレーン');
INSERT INTO figure (id, scale, brand, origin_url) VALUES ('58', '1/7', 'Alter', 'https://alter-web.jp/products/505/');
INSERT INTO figure_name (figure_id, language_code, text) VALUES ('58', 'ja', 'ボルチモア');
INSERT INTO series_name (figure_id, language_code, text) VALUES ('58', 'ja', 'アズールレーン');
INSERT INTO figure (id, scale, brand, origin_url) VALUES ('59', '1/7', 'Alter', 'https://alter-web.jp/products/506/');
INSERT INTO figure_name (figure_id, language_code, text) VALUES ('59', 'ja', 'ボルチモア　軽装Ver.');
INSERT INTO series_name (figure_id, language_code, text) VALUES ('59', 'ja', 'アズールレーン');
INSERT INTO figure (id, scale, brand, origin_url) VALUES ('60', '1/8', 'Alter', 'https://alter-web.jp/products/481/');
INSERT INTO figure_name (figure_id, language_code, text) VALUES ('60', 'ja', '空の律者　キアナ');
INSERT INTO series_name (figure_id, language_code, text) VALUES ('60', 'ja', '崩壊3rd');
INSERT INTO figure (id, scale, brand, origin_url) VALUES ('61', '1/7', 'Alter', 'https://alter-web.jp/products/480/');
INSERT INTO figure_name (figure_id, language_code, text) VALUES ('61', 'ja', 'ユウキ');
INSERT INTO series_name (figure_id, language_code, text) VALUES ('61', 'ja', 'ソードアート・オンライン');
INSERT INTO figure (id, scale, brand, origin_url) VALUES ('62', '1/8', 'Alter', 'https://alter-web.jp/products/484/');
INSERT INTO figure_name (figure_id, language_code, text) VALUES ('62', 'ja', '胡蝶 しのぶ');
INSERT INTO series_name (figure_id, language_code, text) VALUES ('62', 'ja', '鬼滅の刃');
INSERT INTO figure (id, scale, brand, origin_url) VALUES ('63', '1/7', 'Alter', 'https://alter-web.jp/products/206/');
INSERT INTO figure_name (figure_id, language_code, text) VALUES ('63', 'ja', 'シノン');
INSERT INTO series_name (figure_id, language_code, text) VALUES ('63', 'ja', '劇場版 ソードアート・オンライン -オーディナル・スケール-');
INSERT INTO figure (id, scale, brand, origin_url) VALUES ('64', '1/7', 'Alter', 'https://alter-web.jp/products/323/');
INSERT INTO figure_name (figure_id, language_code, text) VALUES ('64', 'ja', '宮本 武蔵　私服Ver.');
INSERT INTO series_name (figure_id, language_code, text) VALUES ('64', 'ja', 'Fate/Grand Order');
INSERT INTO figure (id, scale, brand, origin_url) VALUES ('65', '1/7', 'Alter', 'https://alter-web.jp/products/406/');
INSERT INTO figure_name (figure_id, language_code, text) VALUES ('65', 'ja', 'アスナ　GGO Ver.');
INSERT INTO series_name (figure_id, language_code, text) VALUES ('65', 'ja', 'ソードアート・オンライン アリシゼーション');
INSERT INTO figure (id, scale, brand, origin_url) VALUES ('66', '1/7', 'Alter', 'https://alter-web.jp/products/1/');
INSERT INTO figure_name (figure_id, language_code, text) VALUES ('66', 'ja', 'セイバー／アルトリア・ペンドラゴン［オルタ］　ドレスVer.');
INSERT INTO series_name (figure_id, language_code, text) VALUES ('66', 'ja', 'Fate/Grand Order');
INSERT INTO figure (id, scale, brand, origin_url) VALUES ('67', '1/6', 'Alter', 'https://alter-web.jp/products/262/');
INSERT INTO figure_name (figure_id, language_code, text) VALUES ('67', 'ja', '春日野 穹　Ending Ver.');
INSERT INTO series_name (figure_id, language_code, text) VALUES ('67', 'ja', 'ヨスガノソラ');
INSERT INTO figure (id, scale, brand, origin_url) VALUES ('68', '1/7', 'Alter', 'https://alter-web.jp/products/260/');
INSERT INTO figure_name (figure_id, language_code, text) VALUES ('68', 'ja', '籾岡 里紗');
INSERT INTO series_name (figure_id, language_code, text) VALUES ('68', 'ja', 'To LOVEる-とらぶる-ダークネス');
INSERT INTO figure (id, scale, brand, origin_url) VALUES ('69', '1/8', 'Alter', 'https://alter-web.jp/products/261/');
INSERT INTO figure_name (figure_id, language_code, text) VALUES ('69', 'ja', 'アルターエゴ／メルトリリス');
INSERT INTO series_name (figure_id, language_code, text) VALUES ('69', 'ja', 'Fate/Grand Order');
INSERT INTO figure (id, scale, brand, origin_url) VALUES ('70', '1/7', 'Alter', 'https://alter-web.jp/products/476/');
INSERT INTO figure_name (figure_id, language_code, text) VALUES ('70', 'ja', '桐須 真冬　競泳水着Ver.');
INSERT INTO series_name (figure_id, language_code, text) VALUES ('70', 'ja', 'ぼくたちは勉強ができない！');
INSERT INTO figure (id, scale, brand, origin_url) VALUES ('71', '1/7', 'Alter', 'https://alter-web.jp/products/263/');
INSERT INTO figure_name (figure_id, language_code, text) VALUES ('71', 'ja', 'モモ・ベリア・デビルーク　パジャマVer.');
INSERT INTO series_name (figure_id, language_code, text) VALUES ('71', 'ja', 'To LOVEる-とらぶる-ダークネス');
INSERT INTO figure (id, scale, brand, origin_url) VALUES ('72', '1/7', 'Alter', 'https://alter-web.jp/products/2/');
INSERT INTO figure_name (figure_id, language_code, text) VALUES ('72', 'ja', '古手川 唯');
INSERT INTO series_name (figure_id, language_code, text) VALUES ('72', 'ja', 'To LOVEる-とらぶる-ダークネス');
INSERT INTO figure (id, scale, brand, origin_url) VALUES ('73', '1/7', 'Alter', 'https://alter-web.jp/products/256/');
INSERT INTO figure_name (figure_id, language_code, text) VALUES ('73', 'ja', 'ライダー／アルトリア・ペンドラゴン［オルタ］');
INSERT INTO series_name (figure_id, language_code, text) VALUES ('73', 'ja', 'Fate/Grand Order');
INSERT INTO figure (id, scale, brand, origin_url) VALUES ('74', '1/8', 'Alter', 'https://alter-web.jp/products/265/');
INSERT INTO figure_name (figure_id, language_code, text) VALUES ('74', 'ja', 'アリス');
INSERT INTO series_name (figure_id, language_code, text) VALUES ('74', 'ja', 'オーディンスフィア レイヴスラシル');
INSERT INTO figure (id, scale, brand, origin_url) VALUES ('75', '1/7', 'Alter', 'https://alter-web.jp/products/208/');
INSERT INTO figure_name (figure_id, language_code, text) VALUES ('75', 'ja', '島村 卯月　はじけて♪サマーVer.');
INSERT INTO series_name (figure_id, language_code, text) VALUES ('75', 'ja', 'アイドルマスター シンデレラガールズ');
INSERT INTO figure (id, scale, brand, origin_url) VALUES ('76', '1/10', 'Alter', 'https://alter-web.jp/products/252/');
INSERT INTO figure_name (figure_id, language_code, text) VALUES ('76', 'ja', '志摩 リン with スクーター');
INSERT INTO series_name (figure_id, language_code, text) VALUES ('76', 'ja', 'ゆるキャン△');
INSERT INTO figure (id, scale, brand, origin_url) VALUES ('77', '1/7', 'Alter', 'https://alter-web.jp/products/257/');
INSERT INTO figure_name (figure_id, language_code, text) VALUES ('77', 'ja', '鷹富士 茄子　強運の才女Ver.');
INSERT INTO series_name (figure_id, language_code, text) VALUES ('77', 'ja', 'アイドルマスター シンデレラガールズ');
INSERT INTO figure (id, scale, brand, origin_url) VALUES ('78', '1/8', 'Alter', 'https://alter-web.jp/products/258/');
INSERT INTO figure_name (figure_id, language_code, text) VALUES ('78', 'ja', '五十鈴 れん');
INSERT INTO series_name (figure_id, language_code, text) VALUES ('78', 'ja', 'マギアレコード 魔法少女まどか☆マギカ外伝');
INSERT INTO figure (id, scale, brand, origin_url) VALUES ('79', '1/7', 'Alter', 'https://alter-web.jp/products/47/');
INSERT INTO figure_name (figure_id, language_code, text) VALUES ('79', 'ja', 'マスターアルトリア');
INSERT INTO series_name (figure_id, language_code, text) VALUES ('79', 'ja', 'Fate/stay night');
INSERT INTO figure (id, scale, brand, origin_url) VALUES ('80', '1/7', 'Alter', 'https://alter-web.jp/products/250/');
INSERT INTO figure_name (figure_id, language_code, text) VALUES ('80', 'ja', '津島 善子');
INSERT INTO series_name (figure_id, language_code, text) VALUES ('80', 'ja', 'ラブライブ！スクールアイドルフェスティバル');
INSERT INTO figure (id, scale, brand, origin_url) VALUES ('81', '1/7', 'Alter', 'https://alter-web.jp/products/242/');
INSERT INTO figure_name (figure_id, language_code, text) VALUES ('81', 'ja', '高坂 穂乃果　ホワイトデー編');
INSERT INTO series_name (figure_id, language_code, text) VALUES ('81', 'ja', 'ラブライブ！スクールアイドルフェスティバル');
INSERT INTO figure (id, scale, brand, origin_url) VALUES ('82', '1/8', 'Alter', 'https://alter-web.jp/products/244/');
INSERT INTO figure_name (figure_id, language_code, text) VALUES ('82', 'ja', 'テイルズ オブ ベルセリア　ベルベット・クラウ');
INSERT INTO series_name (figure_id, language_code, text) VALUES ('82', 'ja', 'テイルズ オブ ベルセリア');
INSERT INTO figure (id, scale, brand, origin_url) VALUES ('83', '1/7', 'Alter', 'https://alter-web.jp/products/249/');
INSERT INTO figure_name (figure_id, language_code, text) VALUES ('83', 'ja', '塩見 周子　ブルー・ホライゾンVer.');
INSERT INTO series_name (figure_id, language_code, text) VALUES ('83', 'ja', 'アイドルマスター シンデレラガールズ');
INSERT INTO figure (id, scale, brand, origin_url) VALUES ('84', '1/7', 'Alter', 'https://alter-web.jp/products/248/');
INSERT INTO figure_name (figure_id, language_code, text) VALUES ('84', 'ja', '佐々木 千枝　パーティータイム・ゴールドVer.');
INSERT INTO series_name (figure_id, language_code, text) VALUES ('84', 'ja', 'アイドルマスター シンデレラガールズ');
INSERT INTO figure (id, scale, brand, origin_url) VALUES ('85', '1/7', 'Alter', 'https://alter-web.jp/products/234/');
INSERT INTO figure_name (figure_id, language_code, text) VALUES ('85', 'ja', '西連寺 春菜');
INSERT INTO series_name (figure_id, language_code, text) VALUES ('85', 'ja', 'To LOVEる-とらぶる-ダークネス');
INSERT INTO figure (id, scale, brand, origin_url) VALUES ('86', '1/8', 'Alter', 'https://alter-web.jp/products/243/');
INSERT INTO figure_name (figure_id, language_code, text) VALUES ('86', 'ja', '時崎 狂三');
INSERT INTO series_name (figure_id, language_code, text) VALUES ('86', 'ja', '劇場版 デート・ア・ライブ 万由里ジャッジメント');
INSERT INTO figure (id, scale, brand, origin_url) VALUES ('87', '1/7', 'Alter', 'https://alter-web.jp/products/233/');
INSERT INTO figure_name (figure_id, language_code, text) VALUES ('87', 'ja', 'ヴァンパイア');
INSERT INTO series_name (figure_id, language_code, text) VALUES ('87', 'ja', 'アズールレーン');
INSERT INTO figure (id, scale, brand, origin_url) VALUES ('88', '1/7', 'Alter', 'https://alter-web.jp/products/237/');
INSERT INTO figure_name (figure_id, language_code, text) VALUES ('88', 'ja', '園田 海未　ホワイトデー編');
INSERT INTO series_name (figure_id, language_code, text) VALUES ('88', 'ja', 'ラブライブ！スクールアイドルフェスティバル');
INSERT INTO figure (id, scale, brand, origin_url) VALUES ('89', '1/7', 'Alter', 'https://alter-web.jp/products/235/');
INSERT INTO figure_name (figure_id, language_code, text) VALUES ('89', 'ja', '南 ことり　ホワイトデー編');
INSERT INTO series_name (figure_id, language_code, text) VALUES ('89', 'ja', 'ラブライブ！スクールアイドルフェスティバル');
INSERT INTO figure (id, scale, brand, origin_url) VALUES ('90', '1/7', 'Alter', 'https://alter-web.jp/products/241/');
INSERT INTO figure_name (figure_id, language_code, text) VALUES ('90', 'ja', '二宮 飛鳥　《偶像》のフラグメントVer.');
INSERT INTO series_name (figure_id, language_code, text) VALUES ('90', 'ja', 'アイドルマスター シンデレラガールズ');
INSERT INTO figure (id, scale, brand, origin_url) VALUES ('91', '1/7', 'Alter', 'https://alter-web.jp/products/230/');
INSERT INTO figure_name (figure_id, language_code, text) VALUES ('91', 'ja', 'アヴェンジャー／ジャンヌ・ダルク〔オルタ〕');
INSERT INTO series_name (figure_id, language_code, text) VALUES ('91', 'ja', 'Fate/Grand Order');
INSERT INTO figure (id, scale, brand, origin_url) VALUES ('92', '1/7', 'Alter', 'https://alter-web.jp/products/119/');
INSERT INTO figure_name (figure_id, language_code, text) VALUES ('92', 'ja', '式波・アスカ・ラングレー　ジャージVer.');
INSERT INTO series_name (figure_id, language_code, text) VALUES ('92', 'ja', 'ヱヴァンゲリヲン新劇場版：Q');
INSERT INTO figure (id, scale, brand, origin_url) VALUES ('93', '1/7', 'Alter', 'https://alter-web.jp/products/236/');
INSERT INTO figure_name (figure_id, language_code, text) VALUES ('93', 'ja', '赤城 みりあ　パーティータイム・ゴールドVer.');
INSERT INTO series_name (figure_id, language_code, text) VALUES ('93', 'ja', 'アイドルマスター シンデレラガールズ');
INSERT INTO figure (id, scale, brand, origin_url) VALUES ('94', '1/7', 'Alter', 'https://alter-web.jp/products/229/');
INSERT INTO figure_name (figure_id, language_code, text) VALUES ('94', 'ja', 'マシュ・キリエライト');
INSERT INTO series_name (figure_id, language_code, text) VALUES ('94', 'ja', 'Fate/Grand Order');
INSERT INTO figure (id, scale, brand, origin_url) VALUES ('95', '1/7', 'Alter', 'https://alter-web.jp/products/232/');
INSERT INTO figure_name (figure_id, language_code, text) VALUES ('95', 'ja', '宮内 レミィ');
INSERT INTO series_name (figure_id, language_code, text) VALUES ('95', 'ja', 'ToHeart');
INSERT INTO figure (id, scale, brand, origin_url) VALUES ('96', '1/7', 'Alter', 'https://alter-web.jp/products/231/');
INSERT INTO figure_name (figure_id, language_code, text) VALUES ('96', 'ja', '国木田 花丸　制服Ver.');
INSERT INTO series_name (figure_id, language_code, text) VALUES ('96', 'ja', 'ラブライブ！サンシャイン!!');
INSERT INTO figure (id, scale, brand, origin_url) VALUES ('97', '1/7', 'Alter', 'https://alter-web.jp/products/225/');
INSERT INTO figure_name (figure_id, language_code, text) VALUES ('97', 'ja', 'セイバー　着物ドレスVer.');
INSERT INTO series_name (figure_id, language_code, text) VALUES ('97', 'ja', 'Fate/stay night');
INSERT INTO figure (id, scale, brand, origin_url) VALUES ('98', '1/7', 'Alter', 'https://alter-web.jp/products/227/');
INSERT INTO figure_name (figure_id, language_code, text) VALUES ('98', 'ja', '乙倉 悠貴　カム・ウィズミー！Ver.');
INSERT INTO series_name (figure_id, language_code, text) VALUES ('98', 'ja', 'アイドルマスター シンデレラガールズ');
INSERT INTO figure (id, scale, brand, origin_url) VALUES ('99', '1/7', 'Alter', 'https://alter-web.jp/products/226/');
INSERT INTO figure_name (figure_id, language_code, text) VALUES ('99', 'ja', 'テレサ・テスタロッサ　メイドVer.');
INSERT INTO series_name (figure_id, language_code, text) VALUES ('99', 'ja', 'フルメタル・パニック！Invisible Victory');
INSERT INTO figure (id, scale, brand, origin_url) VALUES ('100', '1/8', 'Alter', 'https://alter-web.jp/products/49/');
INSERT INTO figure_name (figure_id, language_code, text) VALUES ('100', 'ja', 'テイルズ オブ ゼスティリア　エドナ');
INSERT INTO series_name (figure_id, language_code, text) VALUES ('100', 'ja', 'テイルズ オブ ゼスティリア');
INSERT INTO figure (id, scale, brand, origin_url) VALUES ('101', '1/8', 'Alter', 'https://alter-web.jp/products/221/');
INSERT INTO figure_name (figure_id, language_code, text) VALUES ('101', 'ja', 'ナーベラル・ガンマ　so-bin Ver.');
INSERT INTO series_name (figure_id, language_code, text) VALUES ('101', 'ja', 'オーバーロード');
INSERT INTO figure (id, scale, brand, origin_url) VALUES ('102', '1/7', 'Alter', 'https://alter-web.jp/products/17/');
INSERT INTO figure_name (figure_id, language_code, text) VALUES ('102', 'ja', '黒咲 芽亜');
INSERT INTO series_name (figure_id, language_code, text) VALUES ('102', 'ja', 'To LOVEる-とらぶる-ダークネス');
INSERT INTO figure (id, scale, brand, origin_url) VALUES ('103', '1/8', 'Alter', 'https://alter-web.jp/products/222/');
INSERT INTO figure_name (figure_id, language_code, text) VALUES ('103', 'ja', 'アルル・ナジャ');
INSERT INTO series_name (figure_id, language_code, text) VALUES ('103', 'ja', '魔導物語');
INSERT INTO figure (id, scale, brand, origin_url) VALUES ('104', '1/7', 'Alter', 'https://alter-web.jp/products/63/');
INSERT INTO figure_name (figure_id, language_code, text) VALUES ('104', 'ja', '結城 美柑　スク水Ver.');
INSERT INTO series_name (figure_id, language_code, text) VALUES ('104', 'ja', 'To LOVEる-とらぶる-ダークネス');
INSERT INTO figure (id, scale, brand, origin_url) VALUES ('105', '1/7', 'Alter', 'https://alter-web.jp/products/213/');
INSERT INTO figure_name (figure_id, language_code, text) VALUES ('105', 'ja', '矢澤 にこ＆西木野 真姫　バレンタイン編');
INSERT INTO series_name (figure_id, language_code, text) VALUES ('105', 'ja', 'ラブライブ！スクールアイドルフェスティバル');
INSERT INTO figure (id, scale, brand, origin_url) VALUES ('106', '1/8', 'Alter', 'https://alter-web.jp/products/214/');
INSERT INTO figure_name (figure_id, language_code, text) VALUES ('106', 'ja', '猫又お恋');
INSERT INTO series_name (figure_id, language_code, text) VALUES ('106', 'ja', '朧村正');
INSERT INTO figure (id, scale, brand, origin_url) VALUES ('107', '1/7', 'Alter', 'https://alter-web.jp/products/220/');
INSERT INTO figure_name (figure_id, language_code, text) VALUES ('107', 'ja', '足利 茶々丸');
INSERT INTO series_name (figure_id, language_code, text) VALUES ('107', 'ja', '装甲悪鬼村正');
INSERT INTO figure (id, scale, brand, origin_url) VALUES ('108', '1/7', 'Alter', 'https://alter-web.jp/products/218/');
INSERT INTO figure_name (figure_id, language_code, text) VALUES ('108', 'ja', 'アスナ');
INSERT INTO series_name (figure_id, language_code, text) VALUES ('108', 'ja', '劇場版 ソードアート・オンライン -オーディナル・スケール-');
INSERT INTO figure (id, scale, brand, origin_url) VALUES ('109', '1/1', 'Alter', 'https://alter-web.jp/products/209/');
INSERT INTO figure_name (figure_id, language_code, text) VALUES ('109', 'ja', '魔王ルシ子');
INSERT INTO series_name (figure_id, language_code, text) VALUES ('109', 'ja', 'オトカ♥ドール');
INSERT INTO figure (id, scale, brand, origin_url) VALUES ('110', '1/7', 'Alter', 'https://alter-web.jp/products/207/');
INSERT INTO figure_name (figure_id, language_code, text) VALUES ('110', 'ja', '松浦 果南　ウェットスーツVer.');
INSERT INTO series_name (figure_id, language_code, text) VALUES ('110', 'ja', 'ラブライブ！サンシャイン!!');
INSERT INTO figure (id, scale, brand, origin_url) VALUES ('111', '1/7', 'Alter', 'https://alter-web.jp/products/212/');
INSERT INTO figure_name (figure_id, language_code, text) VALUES ('111', 'ja', '金色の闇　ナースVer.');
INSERT INTO series_name (figure_id, language_code, text) VALUES ('111', 'ja', 'To LOVEる-とらぶる-ダークネス');
INSERT INTO figure (id, scale, brand, origin_url) VALUES ('112', '1/8', 'Alter', 'https://alter-web.jp/products/196/');
INSERT INTO figure_name (figure_id, language_code, text) VALUES ('112', 'ja', 'グウェンドリン　レイヴスラシルVer.');
INSERT INTO series_name (figure_id, language_code, text) VALUES ('112', 'ja', 'オーディンスフィア レイヴスラシル');
INSERT INTO figure (id, scale, brand, origin_url) VALUES ('113', '1/8', 'Alter', 'https://alter-web.jp/products/203/');
INSERT INTO figure_name (figure_id, language_code, text) VALUES ('113', 'ja', '雁淵 ひかり');
INSERT INTO series_name (figure_id, language_code, text) VALUES ('113', 'ja', 'ブレイブウィッチーズ');
INSERT INTO figure (id, scale, brand, origin_url) VALUES ('114', '1/7', 'Alter', 'https://alter-web.jp/products/197/');
INSERT INTO figure_name (figure_id, language_code, text) VALUES ('114', 'ja', 'プラフタ');
INSERT INTO series_name (figure_id, language_code, text) VALUES ('114', 'ja', 'ソフィーのアトリエ ～不思議な本の錬金術士～');
INSERT INTO figure (id, scale, brand, origin_url) VALUES ('115', '1/7', 'Alter', 'https://alter-web.jp/products/198/');
INSERT INTO figure_name (figure_id, language_code, text) VALUES ('115', 'ja', 'スカサハ　部屋着モード');
INSERT INTO series_name (figure_id, language_code, text) VALUES ('115', 'ja', 'Fate/Grand Order');
INSERT INTO figure (id, scale, brand, origin_url) VALUES ('116', '1/7', 'Alter', 'https://alter-web.jp/products/202/');
INSERT INTO figure_name (figure_id, language_code, text) VALUES ('116', 'ja', '一ノ瀬 志希　パフュームトリッパーVer.');
INSERT INTO series_name (figure_id, language_code, text) VALUES ('116', 'ja', 'アイドルマスター シンデレラガールズ');
INSERT INTO figure (id, scale, brand, origin_url) VALUES ('117', '1/7', 'Alter', 'https://alter-web.jp/products/193/');
INSERT INTO figure_name (figure_id, language_code, text) VALUES ('117', 'ja', '星空 凛　3月編');
INSERT INTO series_name (figure_id, language_code, text) VALUES ('117', 'ja', 'ラブライブ！スクールアイドルフェスティバル');
INSERT INTO figure (id, scale, brand, origin_url) VALUES ('118', '1/7', 'Alter', 'https://alter-web.jp/products/192/');
INSERT INTO figure_name (figure_id, language_code, text) VALUES ('118', 'ja', '小泉 花陽　3月編');
INSERT INTO series_name (figure_id, language_code, text) VALUES ('118', 'ja', 'ラブライブ！スクールアイドルフェスティバル');
INSERT INTO figure (id, scale, brand, origin_url) VALUES ('119', '1/7', 'Alter', 'https://alter-web.jp/products/181/');
INSERT INTO figure_name (figure_id, language_code, text) VALUES ('119', 'ja', 'パープルハート');
INSERT INTO series_name (figure_id, language_code, text) VALUES ('119', 'ja', '超次元ゲイム ネプテューヌ');
INSERT INTO figure (id, scale, brand, origin_url) VALUES ('120', '1/7', 'Alter', 'https://alter-web.jp/products/191/');
INSERT INTO figure_name (figure_id, language_code, text) VALUES ('120', 'ja', '鷺沢 文香　ブライトメモリーズVer.');
INSERT INTO series_name (figure_id, language_code, text) VALUES ('120', 'ja', 'アイドルマスター シンデレラガールズ');
INSERT INTO figure (id, scale, brand, origin_url) VALUES ('121', '1/7', 'Alter', 'https://alter-web.jp/products/199/');
INSERT INTO figure_name (figure_id, language_code, text) VALUES ('121', 'ja', '双葉 杏　なまけものフェアリーVer.');
INSERT INTO series_name (figure_id, language_code, text) VALUES ('121', 'ja', 'アイドルマスター シンデレラガールズ');
INSERT INTO figure (id, scale, brand, origin_url) VALUES ('122', '1/7', 'Alter', 'https://alter-web.jp/products/188/');
INSERT INTO figure_name (figure_id, language_code, text) VALUES ('122', 'ja', 'ララ・サタリン・デビルーク　メイドVer.');
INSERT INTO series_name (figure_id, language_code, text) VALUES ('122', 'ja', 'To LOVEる-とらぶる-ダークネス');
INSERT INTO figure (id, scale, brand, origin_url) VALUES ('123', '1/7', 'Alter', 'https://alter-web.jp/products/177/');
INSERT INTO figure_name (figure_id, language_code, text) VALUES ('123', 'ja', '神崎 蘭子　薔薇の闇姫Ver.');
INSERT INTO series_name (figure_id, language_code, text) VALUES ('123', 'ja', 'アイドルマスター シンデレラガールズ');
INSERT INTO figure (id, scale, brand, origin_url) VALUES ('124', '1/7', 'Alter', 'https://alter-web.jp/products/189/');
INSERT INTO figure_name (figure_id, language_code, text) VALUES ('124', 'ja', 'ライダー／アルトリア・ペンドラゴン［サンタオルタ］');
INSERT INTO series_name (figure_id, language_code, text) VALUES ('124', 'ja', 'Fate/Grand Order');
INSERT INTO figure (id, scale, brand, origin_url) VALUES ('125', '1/7', 'Alter', 'https://alter-web.jp/products/190/');
INSERT INTO figure_name (figure_id, language_code, text) VALUES ('125', 'ja', '輿水 幸子　自称・カンペキVer.');
INSERT INTO series_name (figure_id, language_code, text) VALUES ('125', 'ja', 'アイドルマスター シンデレラガールズ');
INSERT INTO figure (id, scale, brand, origin_url) VALUES ('126', '1/7', 'Alter', 'https://alter-web.jp/products/187/');
INSERT INTO figure_name (figure_id, language_code, text) VALUES ('126', 'ja', '水戸 郁魅');
INSERT INTO series_name (figure_id, language_code, text) VALUES ('126', 'ja', '食戟のソーマ 弐ノ皿');
INSERT INTO figure (id, scale, brand, origin_url) VALUES ('127', '1/7', 'Alter', 'https://alter-web.jp/products/125/');
INSERT INTO figure_name (figure_id, language_code, text) VALUES ('127', 'ja', '絢瀬 絵里');
INSERT INTO series_name (figure_id, language_code, text) VALUES ('127', 'ja', 'ラブライブ！スクールアイドルフェスティバル');
INSERT INTO figure (id, scale, brand, origin_url) VALUES ('128', '1/7', 'Alter', 'https://alter-web.jp/products/80/');
INSERT INTO figure_name (figure_id, language_code, text) VALUES ('128', 'ja', '南 ことり');
INSERT INTO series_name (figure_id, language_code, text) VALUES ('128', 'ja', 'ラブライブ！スクールアイドルフェスティバル');
INSERT INTO figure (id, scale, brand, origin_url) VALUES ('129', '1/8', 'Alter', 'https://alter-web.jp/products/180/');
INSERT INTO figure_name (figure_id, language_code, text) VALUES ('129', 'ja', 'ゲルトルート・バルクホルン　ジェットストライカーVer.');
INSERT INTO series_name (figure_id, language_code, text) VALUES ('129', 'ja', 'ストライクウィッチーズ2');
INSERT INTO figure (id, scale, brand, origin_url) VALUES ('130', '1/6', 'Alter', 'https://alter-web.jp/products/195/');
INSERT INTO figure_name (figure_id, language_code, text) VALUES ('130', 'ja', 'メンタルモデル・タカオ　オーバーニーVer.');
INSERT INTO series_name (figure_id, language_code, text) VALUES ('130', 'ja', '蒼き鋼のアルペジオ');
INSERT INTO figure (id, scale, brand, origin_url) VALUES ('131', '1/7', 'Alter', 'https://alter-web.jp/products/124/');
INSERT INTO figure_name (figure_id, language_code, text) VALUES ('131', 'ja', '高坂 穂乃果');
INSERT INTO series_name (figure_id, language_code, text) VALUES ('131', 'ja', 'ラブライブ！スクールアイドルフェスティバル');
INSERT INTO figure (id, scale, brand, origin_url) VALUES ('132', '1/7', 'Alter', 'https://alter-web.jp/products/29/');
INSERT INTO figure_name (figure_id, language_code, text) VALUES ('132', 'ja', '園田 海未');
INSERT INTO series_name (figure_id, language_code, text) VALUES ('132', 'ja', 'ラブライブ！スクールアイドルフェスティバル');
INSERT INTO figure (id, scale, brand, origin_url) VALUES ('133', '1/8', 'Alter', 'https://alter-web.jp/products/179/');
INSERT INTO figure_name (figure_id, language_code, text) VALUES ('133', 'ja', 'アナスタシア　Memories Ver.');
INSERT INTO series_name (figure_id, language_code, text) VALUES ('133', 'ja', 'アイドルマスター シンデレラガールズ');
INSERT INTO figure (id, scale, brand, origin_url) VALUES ('134', '1/8', 'Alter', 'https://alter-web.jp/products/178/');
INSERT INTO figure_name (figure_id, language_code, text) VALUES ('134', 'ja', '神崎 蘭子　Memories Ver.');
INSERT INTO series_name (figure_id, language_code, text) VALUES ('134', 'ja', 'アイドルマスター シンデレラガールズ');
INSERT INTO figure (id, scale, brand, origin_url) VALUES ('135', '1/8', 'Alter', 'https://alter-web.jp/products/24/');
INSERT INTO figure_name (figure_id, language_code, text) VALUES ('135', 'ja', '東郷 美森');
INSERT INTO series_name (figure_id, language_code, text) VALUES ('135', 'ja', '結城友奈は勇者である');
INSERT INTO figure (id, scale, brand, origin_url) VALUES ('136', '1/8', 'Alter', 'https://alter-web.jp/products/30/');
INSERT INTO figure_name (figure_id, language_code, text) VALUES ('136', 'ja', '新田 美波　Memories Ver.');
INSERT INTO series_name (figure_id, language_code, text) VALUES ('136', 'ja', 'アイドルマスター シンデレラガールズ');
INSERT INTO figure (id, scale, brand, origin_url) VALUES ('137', '1/7', 'Alter', 'https://alter-web.jp/products/39/');
INSERT INTO figure_name (figure_id, language_code, text) VALUES ('137', 'ja', 'ラウラ＆シャル　ネコミミパジャマ');
INSERT INTO series_name (figure_id, language_code, text) VALUES ('137', 'ja', 'IS＜インフィニット・ストラトス＞');
INSERT INTO figure (id, scale, brand, origin_url) VALUES ('138', '1/6', 'Alter', 'https://alter-web.jp/products/86/');
INSERT INTO figure_name (figure_id, language_code, text) VALUES ('138', 'ja', 'Fate/EXTRA セイバーエクストラ　水着Ver.');
INSERT INTO series_name (figure_id, language_code, text) VALUES ('138', 'ja', 'Fate/EXTRA');
INSERT INTO figure (id, scale, brand, origin_url) VALUES ('139', '1/8', 'Alter', 'https://alter-web.jp/products/3/');
INSERT INTO figure_name (figure_id, language_code, text) VALUES ('139', 'ja', '安原 絵麻');
INSERT INTO series_name (figure_id, language_code, text) VALUES ('139', 'ja', 'SHIROBAKO');
INSERT INTO figure (id, scale, brand, origin_url) VALUES ('140', '1/7', 'Alter', 'https://alter-web.jp/products/26/');
INSERT INTO figure_name (figure_id, language_code, text) VALUES ('140', 'ja', 'ヒロインX');
INSERT INTO series_name (figure_id, language_code, text) VALUES ('140', 'ja', 'Fate/stay night');
INSERT INTO figure (id, scale, brand, origin_url) VALUES ('141', '1/7', 'Alter', 'https://alter-web.jp/products/54/');
INSERT INTO figure_name (figure_id, language_code, text) VALUES ('141', 'ja', '春日野 穹　-Bunny Style-');
INSERT INTO series_name (figure_id, language_code, text) VALUES ('141', 'ja', 'ヨスガノソラ');
INSERT INTO figure (id, scale, brand, origin_url) VALUES ('142', '1/8', 'Alter', 'https://alter-web.jp/products/137/');
INSERT INTO figure_name (figure_id, language_code, text) VALUES ('142', 'ja', '紺菊');
INSERT INTO series_name (figure_id, language_code, text) VALUES ('142', 'ja', '朧村正');
INSERT INTO figure (id, scale, brand, origin_url) VALUES ('143', '1/8', 'Alter', 'https://alter-web.jp/products/51/');
INSERT INTO figure_name (figure_id, language_code, text) VALUES ('143', 'ja', '弓弦葉');
INSERT INTO series_name (figure_id, language_code, text) VALUES ('143', 'ja', '朧村正');
INSERT INTO figure (id, scale, brand, origin_url) VALUES ('144', '1/8', 'Alter', 'https://alter-web.jp/products/53/');
INSERT INTO figure_name (figure_id, language_code, text) VALUES ('144', 'ja', '百姫　～OIRONAOSHI～');
INSERT INTO series_name (figure_id, language_code, text) VALUES ('144', 'ja', '朧村正');
INSERT INTO figure (id, scale, brand, origin_url) VALUES ('145', '1/7', 'Alter', 'https://alter-web.jp/products/52/');
INSERT INTO figure_name (figure_id, language_code, text) VALUES ('145', 'ja', '小泉 花陽');
INSERT INTO series_name (figure_id, language_code, text) VALUES ('145', 'ja', 'ラブライブ！スクールアイドルフェスティバル');
INSERT INTO figure (id, scale, brand, origin_url) VALUES ('146', '1/7', 'Alter', 'https://alter-web.jp/products/43/');
INSERT INTO figure_name (figure_id, language_code, text) VALUES ('146', 'ja', '西木野 真姫');
INSERT INTO series_name (figure_id, language_code, text) VALUES ('146', 'ja', 'ラブライブ！スクールアイドルフェスティバル');
INSERT INTO figure (id, scale, brand, origin_url) VALUES ('147', '1/8', 'Alter', 'https://alter-web.jp/products/44/');
INSERT INTO figure_name (figure_id, language_code, text) VALUES ('147', 'ja', '多田 李衣菜');
INSERT INTO series_name (figure_id, language_code, text) VALUES ('147', 'ja', 'アイドルマスター シンデレラガールズ');
INSERT INTO figure (id, scale, brand, origin_url) VALUES ('148', '1/8', 'Alter', 'https://alter-web.jp/products/10/');
INSERT INTO figure_name (figure_id, language_code, text) VALUES ('148', 'ja', '前川 みく');
INSERT INTO series_name (figure_id, language_code, text) VALUES ('148', 'ja', 'アイドルマスター シンデレラガールズ');
INSERT INTO figure (id, scale, brand, origin_url) VALUES ('149', '1/7', 'Alter', 'https://alter-web.jp/products/32/');
INSERT INTO figure_name (figure_id, language_code, text) VALUES ('149', 'ja', '東條 希');
INSERT INTO series_name (figure_id, language_code, text) VALUES ('149', 'ja', 'ラブライブ！スクールアイドルフェスティバル');
INSERT INTO figure (id, scale, brand, origin_url) VALUES ('150', '1/7', 'Alter', 'https://alter-web.jp/products/12/');
INSERT INTO figure_name (figure_id, language_code, text) VALUES ('150', 'ja', '矢澤 にこ');
INSERT INTO series_name (figure_id, language_code, text) VALUES ('150', 'ja', 'ラブライブ！スクールアイドルフェスティバル');
INSERT INTO figure (id, scale, brand, origin_url) VALUES ('151', '1/7', 'Alter', 'https://alter-web.jp/products/38/');
INSERT INTO figure_name (figure_id, language_code, text) VALUES ('151', 'ja', '千斗 いすず');
INSERT INTO series_name (figure_id, language_code, text) VALUES ('151', 'ja', '甘城ブリリアントパーク');
INSERT INTO figure (id, scale, brand, origin_url) VALUES ('152', '1/8', 'Alter', 'https://alter-web.jp/products/16/');
INSERT INTO figure_name (figure_id, language_code, text) VALUES ('152', 'ja', 'サーニャ＆エイラ　水着Ver.');
INSERT INTO series_name (figure_id, language_code, text) VALUES ('152', 'ja', 'ストライクウィッチーズ2');
INSERT INTO figure (id, scale, brand, origin_url) VALUES ('153', '1/7', 'Alter', 'https://alter-web.jp/products/69/');
INSERT INTO figure_name (figure_id, language_code, text) VALUES ('153', 'ja', '春日野 穹　黒チャイナドレスVer.');
INSERT INTO series_name (figure_id, language_code, text) VALUES ('153', 'ja', 'ヨスガノソラ');
INSERT INTO figure (id, scale, brand, origin_url) VALUES ('154', '1/8', 'Alter', 'https://alter-web.jp/products/15/');
INSERT INTO figure_name (figure_id, language_code, text) VALUES ('154', 'ja', 'シャーロット・E・イェーガー　Ver.2');
INSERT INTO series_name (figure_id, language_code, text) VALUES ('154', 'ja', 'ストライクウィッチーズ2');
INSERT INTO figure (id, scale, brand, origin_url) VALUES ('155', '1/8', 'Alter', 'https://alter-web.jp/products/27/');
INSERT INTO figure_name (figure_id, language_code, text) VALUES ('155', 'ja', 'ベルベットwithコルネリウス');
INSERT INTO series_name (figure_id, language_code, text) VALUES ('155', 'ja', 'オーディンスフィア');
INSERT INTO figure (id, scale, brand, origin_url) VALUES ('156', '1/8', 'Alter', 'https://alter-web.jp/products/158/');
INSERT INTO figure_name (figure_id, language_code, text) VALUES ('156', 'ja', 'グウェンドリン');
INSERT INTO series_name (figure_id, language_code, text) VALUES ('156', 'ja', 'オーディンスフィア');
INSERT INTO figure (id, scale, brand, origin_url) VALUES ('157', '1/8', 'Alter', 'https://alter-web.jp/products/159/');
INSERT INTO figure_name (figure_id, language_code, text) VALUES ('157', 'ja', 'メルセデス');
INSERT INTO series_name (figure_id, language_code, text) VALUES ('157', 'ja', 'オーディンスフィア');
INSERT INTO figure (id, scale, brand, origin_url) VALUES ('158', '1/6', 'Alter', 'https://alter-web.jp/products/21/');
INSERT INTO figure_name (figure_id, language_code, text) VALUES ('158', 'ja', '谷川 柑菜　水着Ver.');
INSERT INTO series_name (figure_id, language_code, text) VALUES ('158', 'ja', 'あの夏で待ってる');
INSERT INTO figure (id, scale, brand, origin_url) VALUES ('159', '1/8', 'Alter', 'https://alter-web.jp/products/23/');
INSERT INTO figure_name (figure_id, language_code, text) VALUES ('159', 'ja', 'メンタルモデル・ハルナ');
INSERT INTO series_name (figure_id, language_code, text) VALUES ('159', 'ja', '蒼き鋼のアルペジオ ‐アルス・ノヴァ‐');
INSERT INTO figure (id, scale, brand, origin_url) VALUES ('160', '1/7', 'Alter', 'https://alter-web.jp/products/25/');
INSERT INTO figure_name (figure_id, language_code, text) VALUES ('160', 'ja', '絢瀬 絵里　水着Ver.');
INSERT INTO series_name (figure_id, language_code, text) VALUES ('160', 'ja', 'ラブライブ！');
INSERT INTO figure (id, scale, brand, origin_url) VALUES ('161', '1/8', 'Alter', 'https://alter-web.jp/products/160/');
INSERT INTO figure_name (figure_id, language_code, text) VALUES ('161', 'ja', 'めんま');
INSERT INTO series_name (figure_id, language_code, text) VALUES ('161', 'ja', 'あの日見た花の名前を僕達はまだ知らない。');
INSERT INTO figure (id, scale, brand, origin_url) VALUES ('162', '1/7', 'Alter', 'https://alter-web.jp/products/4/');
INSERT INTO figure_name (figure_id, language_code, text) VALUES ('162', 'ja', 'エイリアス');
INSERT INTO series_name (figure_id, language_code, text) VALUES ('162', 'ja', '戦場のヴァルキュリア2 ガリア王立士官学校');
INSERT INTO figure (id, scale, brand, origin_url) VALUES ('163', '1/8', 'Alter', 'https://alter-web.jp/products/6/');
INSERT INTO figure_name (figure_id, language_code, text) VALUES ('163', 'ja', '後藤又兵衛　剣姫Ver.');
INSERT INTO series_name (figure_id, language_code, text) VALUES ('163', 'ja', '百花繚乱');
INSERT INTO figure (id, scale, brand, origin_url) VALUES ('164', '1/8', 'Alter', 'https://alter-web.jp/products/8/');
INSERT INTO figure_name (figure_id, language_code, text) VALUES ('164', 'ja', 'マルチナ・クレスピ');
INSERT INTO series_name (figure_id, language_code, text) VALUES ('164', 'ja', 'ストライクウィッチーズ劇場版');
INSERT INTO figure (id, scale, brand, origin_url) VALUES ('165', '1/7', 'Alter', 'https://alter-web.jp/products/93/');
INSERT INTO figure_name (figure_id, language_code, text) VALUES ('165', 'ja', 'ローナ　水着Ver.');
INSERT INTO series_name (figure_id, language_code, text) VALUES ('165', 'ja', 'シャイニング・ハーツ');
INSERT INTO figure (id, scale, brand, origin_url) VALUES ('166', '1/8', 'Alter', 'https://alter-web.jp/products/67/');
INSERT INTO figure_name (figure_id, language_code, text) VALUES ('166', 'ja', 'テイルズ オブ ゼスティリア　アリーシャ');
INSERT INTO series_name (figure_id, language_code, text) VALUES ('166', 'ja', 'テイルズ オブ ゼスティリア');
INSERT INTO figure (id, scale, brand, origin_url) VALUES ('167', '1/7', 'Alter', 'https://alter-web.jp/products/91/');
INSERT INTO figure_name (figure_id, language_code, text) VALUES ('167', 'ja', 'ブラックハート');
INSERT INTO series_name (figure_id, language_code, text) VALUES ('167', 'ja', '超次元ゲイム ネプテューヌ');
INSERT INTO figure (id, scale, brand, origin_url) VALUES ('168', '1/7', 'Alter', 'https://alter-web.jp/products/88/');
INSERT INTO figure_name (figure_id, language_code, text) VALUES ('168', 'ja', 'フェイト・テスタロッサ　ブレイズフォーム　‐Full Drive‐');
INSERT INTO series_name (figure_id, language_code, text) VALUES ('168', 'ja', '魔法少女リリカルなのは The MOVIE 2nd A''s');
INSERT INTO figure (id, scale, brand, origin_url) VALUES ('169', '1/7', 'Alter', 'https://alter-web.jp/products/89/');
INSERT INTO figure_name (figure_id, language_code, text) VALUES ('169', 'ja', '星空 凛');
INSERT INTO series_name (figure_id, language_code, text) VALUES ('169', 'ja', 'ラブライブ！スクールアイドルフェスティバル');
INSERT INTO figure (id, scale, brand, origin_url) VALUES ('170', '1/8', 'Alter', 'https://alter-web.jp/products/87/');
INSERT INTO figure_name (figure_id, language_code, text) VALUES ('170', 'ja', '結城 友奈');
INSERT INTO series_name (figure_id, language_code, text) VALUES ('170', 'ja', '結城友奈は勇者である');
INSERT INTO figure (id, scale, brand, origin_url) VALUES ('171', '1/8', 'Alter', 'https://alter-web.jp/products/92/');
INSERT INTO figure_name (figure_id, language_code, text) VALUES ('171', 'ja', '千姫　サディスティック・サキュバスVer.');
INSERT INTO series_name (figure_id, language_code, text) VALUES ('171', 'ja', '百花繚乱');
INSERT INTO figure (id, scale, brand, origin_url) VALUES ('172', '1/8', 'Alter', 'https://alter-web.jp/products/85/');
INSERT INTO figure_name (figure_id, language_code, text) VALUES ('172', 'ja', '桐崎 千棘');
INSERT INTO series_name (figure_id, language_code, text) VALUES ('172', 'ja', 'ニセコイ');
INSERT INTO figure (id, scale, brand, origin_url) VALUES ('173', '1/7', 'Alter', 'https://alter-web.jp/products/83/');
INSERT INTO figure_name (figure_id, language_code, text) VALUES ('173', 'ja', 'プラーミャ様');
INSERT INTO series_name (figure_id, language_code, text) VALUES ('173', 'ja', '世界征服 謀略のズヴィズダー');
INSERT INTO figure (id, scale, brand, origin_url) VALUES ('174', '1/7', 'Alter', 'https://alter-web.jp/products/111/');
INSERT INTO figure_name (figure_id, language_code, text) VALUES ('174', 'ja', '結城 美柑');
INSERT INTO series_name (figure_id, language_code, text) VALUES ('174', 'ja', 'To LOVEる-とらぶる-ダークネス');
INSERT INTO figure (id, scale, brand, origin_url) VALUES ('175', '1/7', 'Alter', 'https://alter-web.jp/products/77/');
INSERT INTO figure_name (figure_id, language_code, text) VALUES ('175', 'ja', '西木野 真姫　水着Ver.');
INSERT INTO series_name (figure_id, language_code, text) VALUES ('175', 'ja', 'ラブライブ！');
INSERT INTO figure (id, scale, brand, origin_url) VALUES ('176', '1/8', 'Alter', 'https://alter-web.jp/products/78/');
INSERT INTO figure_name (figure_id, language_code, text) VALUES ('176', 'ja', '忍野 忍');
INSERT INTO series_name (figure_id, language_code, text) VALUES ('176', 'ja', '偽物語');
INSERT INTO figure (id, scale, brand, origin_url) VALUES ('177', '1/8', 'Alter', 'https://alter-web.jp/products/176/');
INSERT INTO figure_name (figure_id, language_code, text) VALUES ('177', 'ja', 'セルティ・ストゥルルソン');
INSERT INTO series_name (figure_id, language_code, text) VALUES ('177', 'ja', 'デュラララ!!');
INSERT INTO figure (id, scale, brand, origin_url) VALUES ('178', '1/7', 'Alter', 'https://alter-web.jp/products/57/');
INSERT INTO figure_name (figure_id, language_code, text) VALUES ('178', 'ja', 'μ-No.12-（ミュー・テュエルブ）');
INSERT INTO series_name (figure_id, language_code, text) VALUES ('178', 'ja', 'BLAZBLUE　ALTER MEMORY');
INSERT INTO figure (id, scale, brand, origin_url) VALUES ('179', '1/8', 'Alter', 'https://alter-web.jp/products/75/');
INSERT INTO figure_name (figure_id, language_code, text) VALUES ('179', 'ja', '宝蔵院胤舜');
INSERT INTO series_name (figure_id, language_code, text) VALUES ('179', 'ja', '百花繚乱');
INSERT INTO figure (id, scale, brand, origin_url) VALUES ('180', '', 'Alter', 'https://alter-web.jp/products/72/');
INSERT INTO figure_name (figure_id, language_code, text) VALUES ('180', 'ja', 'ベートーヴェン');
INSERT INTO series_name (figure_id, language_code, text) VALUES ('180', 'ja', '英雄＊戦姫GOLD');
INSERT INTO figure (id, scale, brand, origin_url) VALUES ('181', '1/8', 'Alter', 'https://alter-web.jp/products/73/');
INSERT INTO figure_name (figure_id, language_code, text) VALUES ('181', 'ja', 'ハイデマリー・W・シュナウファー');
INSERT INTO series_name (figure_id, language_code, text) VALUES ('181', 'ja', 'ストライクウィッチーズ劇場版');
INSERT INTO figure (id, scale, brand, origin_url) VALUES ('182', '1/7', 'Alter', 'https://alter-web.jp/products/64/');
INSERT INTO figure_name (figure_id, language_code, text) VALUES ('182', 'ja', 'シャルロット＆セシリア　水着Ver.');
INSERT INTO series_name (figure_id, language_code, text) VALUES ('182', 'ja', 'IS＜インフィニット・ストラトス＞');
INSERT INTO figure (id, scale, brand, origin_url) VALUES ('183', '1/8', 'Alter', 'https://alter-web.jp/products/65/');
INSERT INTO figure_name (figure_id, language_code, text) VALUES ('183', 'ja', 'メフメラ');
INSERT INTO series_name (figure_id, language_code, text) VALUES ('183', 'ja', 'ダンジョントラベラーズ2 王立図書館とマモノの封印');
INSERT INTO figure (id, scale, brand, origin_url) VALUES ('184', '1/8', 'Alter', 'https://alter-web.jp/products/66/');
INSERT INTO figure_name (figure_id, language_code, text) VALUES ('184', 'ja', 'アリシア・ハート');
INSERT INTO series_name (figure_id, language_code, text) VALUES ('184', 'ja', 'ダンジョントラベラーズ2 王立図書館とマモノの封印');
INSERT INTO figure (id, scale, brand, origin_url) VALUES ('185', '1/8', 'Alter', 'https://alter-web.jp/products/59/');
INSERT INTO figure_name (figure_id, language_code, text) VALUES ('185', 'ja', 'ラビリス');
INSERT INTO series_name (figure_id, language_code, text) VALUES ('185', 'ja', 'ペルソナ４ ジ・アルティメット イン マヨナカアリーナ');
INSERT INTO figure (id, scale, brand, origin_url) VALUES ('186', '1/7', 'Alter', 'https://alter-web.jp/products/121/');
INSERT INTO figure_name (figure_id, language_code, text) VALUES ('186', 'ja', '春日野 穹　チャイナドレスVer.');
INSERT INTO series_name (figure_id, language_code, text) VALUES ('186', 'ja', 'ヨスガノソラ');
INSERT INTO figure (id, scale, brand, origin_url) VALUES ('187', '1/8', 'Alter', 'https://alter-web.jp/products/120/');
INSERT INTO figure_name (figure_id, language_code, text) VALUES ('187', 'ja', '星月・フェラーリ');
INSERT INTO series_name (figure_id, language_code, text) VALUES ('187', 'ja', 'ガリレイドンナ');
INSERT INTO figure (id, scale, brand, origin_url) VALUES ('188', '1/6', 'Alter', 'https://alter-web.jp/products/118/');
INSERT INTO figure_name (figure_id, language_code, text) VALUES ('188', 'ja', 'The Muse of Range Murata');
INSERT INTO series_name (figure_id, language_code, text) VALUES ('188', 'ja', 'JC.COM（JC.COM Vol.9 集英社刊）');
INSERT INTO figure (id, scale, brand, origin_url) VALUES ('189', '1/7', 'Alter', 'https://alter-web.jp/products/113/');
INSERT INTO figure_name (figure_id, language_code, text) VALUES ('189', 'ja', '八神はやて　-Summer holiday-');
INSERT INTO series_name (figure_id, language_code, text) VALUES ('189', 'ja', '魔法少女リリカルなのはStrikerS');
INSERT INTO figure (id, scale, brand, origin_url) VALUES ('190', '1/8', 'Alter', 'https://alter-web.jp/products/114/');
INSERT INTO figure_name (figure_id, language_code, text) VALUES ('190', 'ja', '宮藤 芳佳　Ver.1.5');
INSERT INTO series_name (figure_id, language_code, text) VALUES ('190', 'ja', 'ストライクウィッチーズ2');
INSERT INTO figure (id, scale, brand, origin_url) VALUES ('191', '1/7', 'Alter', 'https://alter-web.jp/products/115/');
INSERT INTO figure_name (figure_id, language_code, text) VALUES ('191', 'ja', 'すーぱーそに子　水着サンタVer.');
INSERT INTO series_name (figure_id, language_code, text) VALUES ('191', 'ja', 'NITRO SUPER SONIC');
INSERT INTO figure (id, scale, brand, origin_url) VALUES ('192', '1/8', 'Alter', 'https://alter-web.jp/products/164/');
INSERT INTO figure_name (figure_id, language_code, text) VALUES ('192', 'ja', '春日野 穹');
INSERT INTO series_name (figure_id, language_code, text) VALUES ('192', 'ja', 'ヨスガノソラ');
INSERT INTO figure (id, scale, brand, origin_url) VALUES ('193', '1/7', 'Alter', 'https://alter-web.jp/products/112/');
INSERT INTO figure_name (figure_id, language_code, text) VALUES ('193', 'ja', '八神はやて　-Zur Zeit des Erwachens-');
INSERT INTO series_name (figure_id, language_code, text) VALUES ('193', 'ja', '魔法少女リリカルなのは The MOVIE 2nd A''s');
INSERT INTO figure (id, scale, brand, origin_url) VALUES ('194', '1/7', 'Alter', 'https://alter-web.jp/products/107/');
INSERT INTO figure_name (figure_id, language_code, text) VALUES ('194', 'ja', 'シグナム　-Der Stolz sogar eines Ritters-');
INSERT INTO series_name (figure_id, language_code, text) VALUES ('194', 'ja', '魔法少女リリカルなのは The MOVIE 2nd A''s');
INSERT INTO figure (id, scale, brand, origin_url) VALUES ('195', '1/8', 'Alter', 'https://alter-web.jp/products/108/');
INSERT INTO figure_name (figure_id, language_code, text) VALUES ('195', 'ja', '一色 あかね');
INSERT INTO series_name (figure_id, language_code, text) VALUES ('195', 'ja', 'ビビッドレッド・オペレーション');
INSERT INTO figure (id, scale, brand, origin_url) VALUES ('196', '1/7', 'Alter', 'https://alter-web.jp/products/109/');
INSERT INTO figure_name (figure_id, language_code, text) VALUES ('196', 'ja', '飛鳥　命駆Ver.');
INSERT INTO series_name (figure_id, language_code, text) VALUES ('196', 'ja', '閃乱カグラ');
INSERT INTO figure (id, scale, brand, origin_url) VALUES ('197', '1/8', 'Alter', 'https://alter-web.jp/products/110/');
INSERT INTO figure_name (figure_id, language_code, text) VALUES ('197', 'ja', 'リネット・ビショップ');
INSERT INTO series_name (figure_id, language_code, text) VALUES ('197', 'ja', 'ストライクウィッチーズ2');
INSERT INTO figure (id, scale, brand, origin_url) VALUES ('198', '1/8', 'Alter', 'https://alter-web.jp/products/103/');
INSERT INTO figure_name (figure_id, language_code, text) VALUES ('198', 'ja', 'フランチェスカ・ルッキーニ');
INSERT INTO series_name (figure_id, language_code, text) VALUES ('198', 'ja', 'ストライクウィッチーズ2');
INSERT INTO figure (id, scale, brand, origin_url) VALUES ('199', '1/8', 'Alter', 'https://alter-web.jp/products/104/');
INSERT INTO figure_name (figure_id, language_code, text) VALUES ('199', 'ja', 'アティ');
INSERT INTO series_name (figure_id, language_code, text) VALUES ('199', 'ja', 'サモンナイト３');
INSERT INTO figure (id, scale, brand, origin_url) VALUES ('200', '1/8', 'Alter', 'https://alter-web.jp/products/101/');
INSERT INTO figure_name (figure_id, language_code, text) VALUES ('200', 'ja', 'ペリーヌ・クロステルマン');
INSERT INTO series_name (figure_id, language_code, text) VALUES ('200', 'ja', 'ストライクウィッチーズ');
INSERT INTO figure (id, scale, brand, origin_url) VALUES ('201', '1/8', 'Alter', 'https://alter-web.jp/products/102/');
INSERT INTO figure_name (figure_id, language_code, text) VALUES ('201', 'ja', '桐ヶ谷 直葉');
INSERT INTO series_name (figure_id, language_code, text) VALUES ('201', 'ja', 'ソードアート・オンライン');
INSERT INTO figure (id, scale, brand, origin_url) VALUES ('202', '1/8', 'Alter', 'https://alter-web.jp/products/98/');
INSERT INTO figure_name (figure_id, language_code, text) VALUES ('202', 'ja', '鹿角');
INSERT INTO series_name (figure_id, language_code, text) VALUES ('202', 'ja', '境界線上のホライゾン');
INSERT INTO figure (id, scale, brand, origin_url) VALUES ('203', '1/8', 'Alter', 'https://alter-web.jp/products/99/');
INSERT INTO figure_name (figure_id, language_code, text) VALUES ('203', 'ja', '小鳥遊 美羽');
INSERT INTO series_name (figure_id, language_code, text) VALUES ('203', 'ja', 'パパのいうことを聞きなさい！');
INSERT INTO figure (id, scale, brand, origin_url) VALUES ('204', '1/6', 'Alter', 'https://alter-web.jp/products/100/');
INSERT INTO figure_name (figure_id, language_code, text) VALUES ('204', 'ja', '谷川 柑菜');
INSERT INTO series_name (figure_id, language_code, text) VALUES ('204', 'ja', 'あの夏で待ってる');
INSERT INTO figure (id, scale, brand, origin_url) VALUES ('205', '1/8', 'Alter', 'https://alter-web.jp/products/165/');
INSERT INTO figure_name (figure_id, language_code, text) VALUES ('205', 'ja', '坂本 美緒');
INSERT INTO series_name (figure_id, language_code, text) VALUES ('205', 'ja', 'ストライクウィッチーズ');
INSERT INTO figure (id, scale, brand, origin_url) VALUES ('206', '1/8', 'Alter', 'https://alter-web.jp/products/95/');
INSERT INTO figure_name (figure_id, language_code, text) VALUES ('206', 'ja', 'テイルズ オブ ヴェスペリア　エステリーゼ・シデス・ヒュラッセイン');
INSERT INTO series_name (figure_id, language_code, text) VALUES ('206', 'ja', 'テイルズ オブ ヴェスペリア');
INSERT INTO figure (id, scale, brand, origin_url) VALUES ('207', '1/6', 'Alter', 'https://alter-web.jp/products/94/');
INSERT INTO figure_name (figure_id, language_code, text) VALUES ('207', 'ja', 'セイバーオルタ　水着Ver.');
INSERT INTO series_name (figure_id, language_code, text) VALUES ('207', 'ja', 'Fate/hollow ataraxia');
INSERT INTO figure (id, scale, brand, origin_url) VALUES ('208', '1/8', 'Alter', 'https://alter-web.jp/products/166/');
INSERT INTO figure_name (figure_id, language_code, text) VALUES ('208', 'ja', 'ディズィー');
INSERT INTO series_name (figure_id, language_code, text) VALUES ('208', 'ja', 'GUILTY GEAR XX ΛCORE');
INSERT INTO figure (id, scale, brand, origin_url) VALUES ('209', '1/7', 'Alter', 'https://alter-web.jp/products/152/');
INSERT INTO figure_name (figure_id, language_code, text) VALUES ('209', 'ja', '高町なのは　水着Ver.');
INSERT INTO series_name (figure_id, language_code, text) VALUES ('209', 'ja', '魔法少女リリカルなのは The MOVIE 1st');
INSERT INTO figure (id, scale, brand, origin_url) VALUES ('210', '1/8', 'Alter', 'https://alter-web.jp/products/153/');
INSERT INTO figure_name (figure_id, language_code, text) VALUES ('210', 'ja', 'サーニャ・V・リトヴャク　ロケットブースターVer.');
INSERT INTO series_name (figure_id, language_code, text) VALUES ('210', 'ja', 'ストライクウィッチーズ2');
INSERT INTO figure (id, scale, brand, origin_url) VALUES ('211', '1/7', 'Alter', 'https://alter-web.jp/products/154/');
INSERT INTO figure_name (figure_id, language_code, text) VALUES ('211', 'ja', 'アインハルト・ストラトス');
INSERT INTO series_name (figure_id, language_code, text) VALUES ('211', 'ja', '魔法少女リリカルなのはViVid');
INSERT INTO figure (id, scale, brand, origin_url) VALUES ('212', '1/8', 'Alter', 'https://alter-web.jp/products/155/');
INSERT INTO figure_name (figure_id, language_code, text) VALUES ('212', 'ja', 'メルティ');
INSERT INTO series_name (figure_id, language_code, text) VALUES ('212', 'ja', 'シャイニング・ハーツ');
INSERT INTO figure (id, scale, brand, origin_url) VALUES ('213', '1/8', 'Alter', 'https://alter-web.jp/products/156/');
INSERT INTO figure_name (figure_id, language_code, text) VALUES ('213', 'ja', 'メルティ　クリスマスVer.');
INSERT INTO series_name (figure_id, language_code, text) VALUES ('213', 'ja', 'シャイニング・ハーツ');
INSERT INTO figure (id, scale, brand, origin_url) VALUES ('214', '1/8', 'Alter', 'https://alter-web.jp/products/150/');
INSERT INTO figure_name (figure_id, language_code, text) VALUES ('214', 'ja', '阿万音 鈴羽＆マウンテンバイク');
INSERT INTO series_name (figure_id, language_code, text) VALUES ('214', 'ja', 'STEINS;GATE');
INSERT INTO figure (id, scale, brand, origin_url) VALUES ('215', '1/8', 'Alter', 'https://alter-web.jp/products/151/');
INSERT INTO figure_name (figure_id, language_code, text) VALUES ('215', 'ja', '千反田 える');
INSERT INTO series_name (figure_id, language_code, text) VALUES ('215', 'ja', '氷菓');
INSERT INTO figure (id, scale, brand, origin_url) VALUES ('216', '1/7', 'Alter', 'https://alter-web.jp/products/147/');
INSERT INTO figure_name (figure_id, language_code, text) VALUES ('216', 'ja', 'セイバー　ドレスコード');
INSERT INTO series_name (figure_id, language_code, text) VALUES ('216', 'ja', 'Fate/stay night');
INSERT INTO figure (id, scale, brand, origin_url) VALUES ('217', '1/7', 'Alter', 'https://alter-web.jp/products/148/');
INSERT INTO figure_name (figure_id, language_code, text) VALUES ('217', 'ja', '蒼崎 橙子');
INSERT INTO series_name (figure_id, language_code, text) VALUES ('217', 'ja', '魔法使いの夜');
INSERT INTO figure (id, scale, brand, origin_url) VALUES ('218', '1/7', 'Alter', 'https://alter-web.jp/products/167/');
INSERT INTO figure_name (figure_id, language_code, text) VALUES ('218', 'ja', 'ブラック羽川');
INSERT INTO series_name (figure_id, language_code, text) VALUES ('218', 'ja', '化物語');
INSERT INTO figure (id, scale, brand, origin_url) VALUES ('219', '1/7', 'Alter', 'https://alter-web.jp/products/168/');
INSERT INTO figure_name (figure_id, language_code, text) VALUES ('219', 'ja', '高町なのは　-Summer holiday-');
INSERT INTO series_name (figure_id, language_code, text) VALUES ('219', 'ja', '魔法少女リリカルなのはStrikerS');
INSERT INTO figure (id, scale, brand, origin_url) VALUES ('220', '1/8', 'Alter', 'https://alter-web.jp/products/169/');
INSERT INTO figure_name (figure_id, language_code, text) VALUES ('220', 'ja', 'パンティ');
INSERT INTO series_name (figure_id, language_code, text) VALUES ('220', 'ja', 'Panty＆Stocking with Garterbelt');
INSERT INTO figure (id, scale, brand, origin_url) VALUES ('221', '1/6', 'Alter', 'https://alter-web.jp/products/170/');
INSERT INTO figure_name (figure_id, language_code, text) VALUES ('221', 'ja', 'Xenosaga Ⅲ　KOS-MOS　水着Ver.');
INSERT INTO series_name (figure_id, language_code, text) VALUES ('221', 'ja', 'ゼノサーガ エピソードⅢ [ツァラトゥストラはかく語りき]');
INSERT INTO figure (id, scale, brand, origin_url) VALUES ('222', '1/8', 'Alter', 'https://alter-web.jp/products/171/');
INSERT INTO figure_name (figure_id, language_code, text) VALUES ('222', 'ja', '直江兼続');
INSERT INTO series_name (figure_id, language_code, text) VALUES ('222', 'ja', '百花繚乱');
INSERT INTO figure (id, scale, brand, origin_url) VALUES ('223', '1/8', 'Alter', 'https://alter-web.jp/products/141/');
INSERT INTO figure_name (figure_id, language_code, text) VALUES ('223', 'ja', 'プリンセス・オブ・ザ・クリスタル');
INSERT INTO series_name (figure_id, language_code, text) VALUES ('223', 'ja', '輪るピングドラム');
INSERT INTO figure (id, scale, brand, origin_url) VALUES ('224', '1/8', 'Alter', 'https://alter-web.jp/products/142/');
INSERT INTO figure_name (figure_id, language_code, text) VALUES ('224', 'ja', 'スキャンティ');
INSERT INTO series_name (figure_id, language_code, text) VALUES ('224', 'ja', 'Panty＆Stocking with Garterbelt');
INSERT INTO figure (id, scale, brand, origin_url) VALUES ('225', '1/8', 'Alter', 'https://alter-web.jp/products/138/');
INSERT INTO figure_name (figure_id, language_code, text) VALUES ('225', 'ja', 'ミスティ');
INSERT INTO series_name (figure_id, language_code, text) VALUES ('225', 'ja', 'シャイニング・ブレイド');
INSERT INTO figure (id, scale, brand, origin_url) VALUES ('226', '1/8', 'Alter', 'https://alter-web.jp/products/139/');
INSERT INTO figure_name (figure_id, language_code, text) VALUES ('226', 'ja', '赤座 あかり');
INSERT INTO series_name (figure_id, language_code, text) VALUES ('226', 'ja', 'ゆるゆり♪♪');
INSERT INTO figure (id, scale, brand, origin_url) VALUES ('227', '1/8', 'Alter', 'https://alter-web.jp/products/140/');
INSERT INTO figure_name (figure_id, language_code, text) VALUES ('227', 'ja', '千石 撫子');
INSERT INTO series_name (figure_id, language_code, text) VALUES ('227', 'ja', '化物語');
INSERT INTO figure (id, scale, brand, origin_url) VALUES ('228', '1/8', 'Alter', 'https://alter-web.jp/products/172/');
INSERT INTO figure_name (figure_id, language_code, text) VALUES ('228', 'ja', '柳生十兵衛');
INSERT INTO series_name (figure_id, language_code, text) VALUES ('228', 'ja', '百花繚乱');
INSERT INTO figure (id, scale, brand, origin_url) VALUES ('229', '1/8', 'Alter', 'https://alter-web.jp/products/173/');
INSERT INTO figure_name (figure_id, language_code, text) VALUES ('229', 'ja', 'ゲルトルート・バルクホルン');
INSERT INTO series_name (figure_id, language_code, text) VALUES ('229', 'ja', 'ストライクウィッチーズ2');
INSERT INTO figure (id, scale, brand, origin_url) VALUES ('230', '1/8', 'Alter', 'https://alter-web.jp/products/135/');
INSERT INTO figure_name (figure_id, language_code, text) VALUES ('230', 'ja', 'ラウラ・ボーデヴィッヒ　メイドVer.');
INSERT INTO series_name (figure_id, language_code, text) VALUES ('230', 'ja', 'IS＜インフィニット・ストラトス＞');
INSERT INTO figure (id, scale, brand, origin_url) VALUES ('231', '1/8', 'Alter', 'https://alter-web.jp/products/136/');
INSERT INTO figure_name (figure_id, language_code, text) VALUES ('231', 'ja', 'ハンナ・ユスティーナ・マルセイユ');
INSERT INTO series_name (figure_id, language_code, text) VALUES ('231', 'ja', 'ストライクウィッチーズ2');
INSERT INTO figure (id, scale, brand, origin_url) VALUES ('232', '1/7', 'Alter', 'https://alter-web.jp/products/133/');
INSERT INTO figure_name (figure_id, language_code, text) VALUES ('232', 'ja', '魔女っ娘ミラクるん');
INSERT INTO series_name (figure_id, language_code, text) VALUES ('232', 'ja', 'ゆるゆり♪♪');
INSERT INTO figure (id, scale, brand, origin_url) VALUES ('233', '1/8', 'Alter', 'https://alter-web.jp/products/174/');
INSERT INTO figure_name (figure_id, language_code, text) VALUES ('233', 'ja', 'シャルロット・デュノア　ジャージVer.');
INSERT INTO series_name (figure_id, language_code, text) VALUES ('233', 'ja', 'IS＜インフィニット・ストラトス＞');
INSERT INTO figure (id, scale, brand, origin_url) VALUES ('234', '1/8', 'Alter', 'https://alter-web.jp/products/130/');
INSERT INTO figure_name (figure_id, language_code, text) VALUES ('234', 'ja', '柳生義仙');
INSERT INTO series_name (figure_id, language_code, text) VALUES ('234', 'ja', '百花繚乱');
INSERT INTO figure (id, scale, brand, origin_url) VALUES ('235', '1/8', 'Alter', 'https://alter-web.jp/products/131/');
INSERT INTO figure_name (figure_id, language_code, text) VALUES ('235', 'ja', '松前 緒花');
INSERT INTO series_name (figure_id, language_code, text) VALUES ('235', 'ja', '花咲くいろは');
INSERT INTO figure (id, scale, brand, origin_url) VALUES ('236', '1/8', 'Alter', 'https://alter-web.jp/products/132/');
INSERT INTO figure_name (figure_id, language_code, text) VALUES ('236', 'ja', 'エーリカ・ハルトマン');
INSERT INTO series_name (figure_id, language_code, text) VALUES ('236', 'ja', 'ストライクウィッチーズ2');
INSERT INTO figure (id, scale, brand, origin_url) VALUES ('237', '1/8', 'Alter', 'https://alter-web.jp/products/175/');
INSERT INTO figure_name (figure_id, language_code, text) VALUES ('237', 'ja', 'エイラ・イルマタル・ユーティライネン');
INSERT INTO series_name (figure_id, language_code, text) VALUES ('237', 'ja', 'ストライクウィッチーズ2');
INSERT INTO figure (id, scale, brand, origin_url) VALUES ('238', '1/8', 'Alter', 'https://alter-web.jp/products/127/');
INSERT INTO figure_name (figure_id, language_code, text) VALUES ('238', 'ja', '真鍋 和');
INSERT INTO series_name (figure_id, language_code, text) VALUES ('238', 'ja', 'けいおん！');
INSERT INTO figure (id, scale, brand, origin_url) VALUES ('239', '1/8', 'Alter', 'https://alter-web.jp/products/414/');
INSERT INTO figure_name (figure_id, language_code, text) VALUES ('239', 'ja', '百姫');
INSERT INTO series_name (figure_id, language_code, text) VALUES ('239', 'ja', '朧村正');
INSERT INTO figure (id, scale, brand, origin_url) VALUES ('240', '1/8', 'Alter', 'https://alter-web.jp/products/467/');
INSERT INTO figure_name (figure_id, language_code, text) VALUES ('240', 'ja', 'テイルズ オブ エクシリア　ミラ＝マクスウェル');
INSERT INTO series_name (figure_id, language_code, text) VALUES ('240', 'ja', 'テイルズ オブ エクシリア');
INSERT INTO figure (id, scale, brand, origin_url) VALUES ('241', '1/8', 'Alter', 'https://alter-web.jp/products/466/');
INSERT INTO figure_name (figure_id, language_code, text) VALUES ('241', 'ja', 'ストッキング');
INSERT INTO series_name (figure_id, language_code, text) VALUES ('241', 'ja', 'Panty＆Stocking with Garterbelt');
INSERT INTO figure (id, scale, brand, origin_url) VALUES ('242', '1/8', 'Alter', 'https://alter-web.jp/products/383/');
INSERT INTO figure_name (figure_id, language_code, text) VALUES ('242', 'ja', '四方堂 ナリカ　超昂閃忍Ver.');
INSERT INTO series_name (figure_id, language_code, text) VALUES ('242', 'ja', '超昂閃忍ハルカ');
INSERT INTO figure (id, scale, brand, origin_url) VALUES ('243', '1/8', 'Alter', 'https://alter-web.jp/products/462/');
INSERT INTO figure_name (figure_id, language_code, text) VALUES ('243', 'ja', 'ALVIS & LAVIE BY LASTEXILE');
INSERT INTO series_name (figure_id, language_code, text) VALUES ('243', 'ja', 'LASTEXILE');
INSERT INTO figure (id, scale, brand, origin_url) VALUES ('244', '1/8', 'Alter', 'https://alter-web.jp/products/463/');
INSERT INTO figure_name (figure_id, language_code, text) VALUES ('244', 'ja', 'ニーソックス');
INSERT INTO series_name (figure_id, language_code, text) VALUES ('244', 'ja', 'Panty＆Stocking with Garterbelt');
INSERT INTO figure (id, scale, brand, origin_url) VALUES ('245', '1/7', 'Alter', 'https://alter-web.jp/products/464/');
INSERT INTO figure_name (figure_id, language_code, text) VALUES ('245', 'ja', 'フェイト・T・ハラオウン　-Summer holiday-');
INSERT INTO series_name (figure_id, language_code, text) VALUES ('245', 'ja', '魔法少女リリカルなのはStrikerS');
INSERT INTO figure (id, scale, brand, origin_url) VALUES ('246', '1/6', 'Alter', 'https://alter-web.jp/products/461/');
INSERT INTO figure_name (figure_id, language_code, text) VALUES ('246', 'ja', 'セイバー　メイドVer. R');
INSERT INTO series_name (figure_id, language_code, text) VALUES ('246', 'ja', 'Fate/hollow ataraxia');
INSERT INTO figure (id, scale, brand, origin_url) VALUES ('247', '1/8', 'Alter', 'https://alter-web.jp/products/460/');
INSERT INTO figure_name (figure_id, language_code, text) VALUES ('247', 'ja', 'テイルズ オブ ヴェスペリア　リタ・モルディオ');
INSERT INTO series_name (figure_id, language_code, text) VALUES ('247', 'ja', 'テイルズ オブ ヴェスペリア');
INSERT INTO figure (id, scale, brand, origin_url) VALUES ('248', '1/8', 'Alter', 'https://alter-web.jp/products/457/');
INSERT INTO figure_name (figure_id, language_code, text) VALUES ('248', 'ja', '種島 ぽぷら');
INSERT INTO series_name (figure_id, language_code, text) VALUES ('248', 'ja', 'WORKING!!');
INSERT INTO figure (id, scale, brand, origin_url) VALUES ('249', '1/8', 'Alter', 'https://alter-web.jp/products/458/');
INSERT INTO figure_name (figure_id, language_code, text) VALUES ('249', 'ja', 'モモ・ベリア・デビルーク');
INSERT INTO series_name (figure_id, language_code, text) VALUES ('249', 'ja', 'もっとTo LOVEる-とらぶる-');
INSERT INTO figure (id, scale, brand, origin_url) VALUES ('250', '1/8', 'Alter', 'https://alter-web.jp/products/421/');
INSERT INTO figure_name (figure_id, language_code, text) VALUES ('250', 'ja', 'バディ');
INSERT INTO series_name (figure_id, language_code, text) VALUES ('250', 'ja', '君が呼ぶ、メギドの丘で');
INSERT INTO figure (id, scale, brand, origin_url) VALUES ('251', '1/7', 'Alter', 'https://alter-web.jp/products/455/');
INSERT INTO figure_name (figure_id, language_code, text) VALUES ('251', 'ja', 'セルベリア・ブレス　水着Ver.');
INSERT INTO series_name (figure_id, language_code, text) VALUES ('251', 'ja', '戦場のヴァルキュリア');
INSERT INTO figure (id, scale, brand, origin_url) VALUES ('252', '1/8', 'Alter', 'https://alter-web.jp/products/377/');
INSERT INTO figure_name (figure_id, language_code, text) VALUES ('252', 'ja', 'ルイズ　ゴスパンクVer.');
INSERT INTO series_name (figure_id, language_code, text) VALUES ('252', 'ja', 'ゼロの使い魔 ～三美姫の輪舞～');
INSERT INTO figure (id, scale, brand, origin_url) VALUES ('253', '1/6', 'Alter', 'https://alter-web.jp/products/452/');
INSERT INTO figure_name (figure_id, language_code, text) VALUES ('253', 'ja', 'アイギス　ART WORKS Ver.');
INSERT INTO series_name (figure_id, language_code, text) VALUES ('253', 'ja', 'ペルソナ３');
INSERT INTO figure (id, scale, brand, origin_url) VALUES ('254', '1/8', 'Alter', 'https://alter-web.jp/products/436/');
INSERT INTO figure_name (figure_id, language_code, text) VALUES ('254', 'ja', 'シャーロット・E・イェーガー');
INSERT INTO series_name (figure_id, language_code, text) VALUES ('254', 'ja', 'ストライクウィッチーズ');
INSERT INTO figure (id, scale, brand, origin_url) VALUES ('255', '1/8', 'Alter', 'https://alter-web.jp/products/449/');
INSERT INTO figure_name (figure_id, language_code, text) VALUES ('255', 'ja', 'メリー・ナイトメア');
INSERT INTO series_name (figure_id, language_code, text) VALUES ('255', 'ja', '夢喰いメリー');
INSERT INTO figure (id, scale, brand, origin_url) VALUES ('256', '1/7', 'Alter', 'https://alter-web.jp/products/447/');
INSERT INTO figure_name (figure_id, language_code, text) VALUES ('256', 'ja', '高町ヴィヴィオ');
INSERT INTO series_name (figure_id, language_code, text) VALUES ('256', 'ja', '魔法少女リリカルなのはViVid');
INSERT INTO figure (id, scale, brand, origin_url) VALUES ('257', '1/8', 'Alter', 'https://alter-web.jp/products/448/');
INSERT INTO figure_name (figure_id, language_code, text) VALUES ('257', 'ja', 'カミナギ・リョーコ　-Resurrection-');
INSERT INTO series_name (figure_id, language_code, text) VALUES ('257', 'ja', 'ゼーガペイン');
INSERT INTO figure (id, scale, brand, origin_url) VALUES ('258', '1/8', 'Alter', 'https://alter-web.jp/products/433/');
INSERT INTO figure_name (figure_id, language_code, text) VALUES ('258', 'ja', '田井中 律');
INSERT INTO series_name (figure_id, language_code, text) VALUES ('258', 'ja', 'けいおん！');
INSERT INTO figure (id, scale, brand, origin_url) VALUES ('259', '1/7', 'Alter', 'https://alter-web.jp/products/446/');
INSERT INTO figure_name (figure_id, language_code, text) VALUES ('259', 'ja', 'フェイト・テスタロッサ　水着Ver.');
INSERT INTO series_name (figure_id, language_code, text) VALUES ('259', 'ja', '魔法少女リリカルなのは The MOVIE 1st');
INSERT INTO figure (id, scale, brand, origin_url) VALUES ('260', '1/8', 'Alter', 'https://alter-web.jp/products/444/');
INSERT INTO figure_name (figure_id, language_code, text) VALUES ('260', 'ja', '山田 葵');
INSERT INTO series_name (figure_id, language_code, text) VALUES ('260', 'ja', 'WORKING!!');
INSERT INTO figure (id, scale, brand, origin_url) VALUES ('261', '1/8', 'Alter', 'https://alter-web.jp/products/445/');
INSERT INTO figure_name (figure_id, language_code, text) VALUES ('261', 'ja', '平沢 憂');
INSERT INTO series_name (figure_id, language_code, text) VALUES ('261', 'ja', 'けいおん！');
INSERT INTO figure (id, scale, brand, origin_url) VALUES ('262', '1/8', 'Alter', 'https://alter-web.jp/products/402/');
INSERT INTO figure_name (figure_id, language_code, text) VALUES ('262', 'ja', '平沢 唯');
INSERT INTO series_name (figure_id, language_code, text) VALUES ('262', 'ja', 'けいおん！');
INSERT INTO figure (id, scale, brand, origin_url) VALUES ('263', '1/8', 'Alter', 'https://alter-web.jp/products/440/');
INSERT INTO figure_name (figure_id, language_code, text) VALUES ('263', 'ja', 'ミーナ・ディートリンデ・ヴィルケ');
INSERT INTO series_name (figure_id, language_code, text) VALUES ('263', 'ja', 'ストライクウィッチーズ2');
INSERT INTO figure (id, scale, brand, origin_url) VALUES ('264', '1/7', 'Alter', 'https://alter-web.jp/products/441/');
INSERT INTO figure_name (figure_id, language_code, text) VALUES ('264', 'ja', '戦場ヶ原 ひたぎ');
INSERT INTO series_name (figure_id, language_code, text) VALUES ('264', 'ja', '化物語');
INSERT INTO figure (id, scale, brand, origin_url) VALUES ('265', '1/8', 'Alter', 'https://alter-web.jp/products/432/');
INSERT INTO figure_name (figure_id, language_code, text) VALUES ('265', 'ja', '初春 飾利');
INSERT INTO series_name (figure_id, language_code, text) VALUES ('265', 'ja', 'とある科学の超電磁砲（レールガン）');
INSERT INTO figure (id, scale, brand, origin_url) VALUES ('266', '1/7', 'Alter', 'https://alter-web.jp/products/397/');
INSERT INTO figure_name (figure_id, language_code, text) VALUES ('266', 'ja', '高町なのは -STAND BY READY-');
INSERT INTO series_name (figure_id, language_code, text) VALUES ('266', 'ja', '魔法少女リリカルなのは The MOVIE 1st');
INSERT INTO figure (id, scale, brand, origin_url) VALUES ('267', '1/7', 'Alter', 'https://alter-web.jp/products/439/');
INSERT INTO figure_name (figure_id, language_code, text) VALUES ('267', 'ja', '高町なのは　制服Ver.');
INSERT INTO series_name (figure_id, language_code, text) VALUES ('267', 'ja', '魔法少女リリカルなのは The MOVIE 1st');
INSERT INTO figure (id, scale, brand, origin_url) VALUES ('268', '1/8', 'Alter', 'https://alter-web.jp/products/437/');
INSERT INTO figure_name (figure_id, language_code, text) VALUES ('268', 'ja', 'セイバー　Summer Ver.');
INSERT INTO series_name (figure_id, language_code, text) VALUES ('268', 'ja', 'Fate/stay night');
INSERT INTO figure (id, scale, brand, origin_url) VALUES ('269', '1/8', 'Alter', 'https://alter-web.jp/products/438/');
INSERT INTO figure_name (figure_id, language_code, text) VALUES ('269', 'ja', '遠坂 凛　Summer Ver.');
INSERT INTO series_name (figure_id, language_code, text) VALUES ('269', 'ja', 'Fate/stay night');
INSERT INTO figure (id, scale, brand, origin_url) VALUES ('270', '1/8', 'Alter', 'https://alter-web.jp/products/434/');
INSERT INTO figure_name (figure_id, language_code, text) VALUES ('270', 'ja', 'ホウメイ');
INSERT INTO series_name (figure_id, language_code, text) VALUES ('270', 'ja', 'シャイニング・ウィンド');
INSERT INTO figure (id, scale, brand, origin_url) VALUES ('271', '1/8', 'Alter', 'https://alter-web.jp/products/427/');
INSERT INTO figure_name (figure_id, language_code, text) VALUES ('271', 'ja', '佐天 涙子');
INSERT INTO series_name (figure_id, language_code, text) VALUES ('271', 'ja', 'とある科学の超電磁砲（レールガン）');
INSERT INTO figure (id, scale, brand, origin_url) VALUES ('272', '1/8', 'Alter', 'https://alter-web.jp/products/429/');
INSERT INTO figure_name (figure_id, language_code, text) VALUES ('272', 'ja', '大神 涼子');
INSERT INTO series_name (figure_id, language_code, text) VALUES ('272', 'ja', 'オオカミさんと七人の仲間たち');
INSERT INTO figure (id, scale, brand, origin_url) VALUES ('273', '1/7', 'Alter', 'https://alter-web.jp/products/428/');
INSERT INTO figure_name (figure_id, language_code, text) VALUES ('273', 'ja', 'フェイト・テスタロッサ　私服Ver.');
INSERT INTO series_name (figure_id, language_code, text) VALUES ('273', 'ja', '魔法少女リリカルなのは The MOVIE 1st');
INSERT INTO figure (id, scale, brand, origin_url) VALUES ('274', '1/7', 'Alter', 'https://alter-web.jp/products/388/');
INSERT INTO figure_name (figure_id, language_code, text) VALUES ('274', 'ja', 'フェイト・T・ハラオウン　真・ソニックフォーム');
INSERT INTO series_name (figure_id, language_code, text) VALUES ('274', 'ja', '魔法少女リリカルなのはStrikerS');
INSERT INTO figure (id, scale, brand, origin_url) VALUES ('275', '1/7', 'Alter', 'https://alter-web.jp/products/425/');
INSERT INTO figure_name (figure_id, language_code, text) VALUES ('275', 'ja', 'フェイト・テスタロッサ -PHANTOM MINDS-');
INSERT INTO series_name (figure_id, language_code, text) VALUES ('275', 'ja', '魔法少女リリカルなのは The MOVIE 1st');
INSERT INTO figure (id, scale, brand, origin_url) VALUES ('276', '1/8', 'Alter', 'https://alter-web.jp/products/423/');
INSERT INTO figure_name (figure_id, language_code, text) VALUES ('276', 'ja', '式波・アスカ・ラングレー　テスト用プラグスーツVer.');
INSERT INTO series_name (figure_id, language_code, text) VALUES ('276', 'ja', 'ヱヴァンゲリヲン新劇場版：破');
INSERT INTO figure (id, scale, brand, origin_url) VALUES ('277', '1/8', 'Alter', 'https://alter-web.jp/products/424/');
INSERT INTO figure_name (figure_id, language_code, text) VALUES ('277', 'ja', '木下 秀吉');
INSERT INTO series_name (figure_id, language_code, text) VALUES ('277', 'ja', 'バカとテストと召喚獣');
INSERT INTO figure (id, scale, brand, origin_url) VALUES ('278', '1/8', 'Alter', 'https://alter-web.jp/products/393/');
INSERT INTO figure_name (figure_id, language_code, text) VALUES ('278', 'ja', '秋山 澪');
INSERT INTO series_name (figure_id, language_code, text) VALUES ('278', 'ja', 'けいおん！');
INSERT INTO figure (id, scale, brand, origin_url) VALUES ('279', '1/8', 'Alter', 'https://alter-web.jp/products/420/');
INSERT INTO figure_name (figure_id, language_code, text) VALUES ('279', 'ja', 'のどっち');
INSERT INTO series_name (figure_id, language_code, text) VALUES ('279', 'ja', '咲-Saki-');
INSERT INTO figure (id, scale, brand, origin_url) VALUES ('280', '1/8', 'Alter', 'https://alter-web.jp/products/422/');
INSERT INTO figure_name (figure_id, language_code, text) VALUES ('280', 'ja', '琴吹 紬');
INSERT INTO series_name (figure_id, language_code, text) VALUES ('280', 'ja', 'けいおん！');
INSERT INTO figure (id, scale, brand, origin_url) VALUES ('281', '1/7', 'Alter', 'https://alter-web.jp/products/418/');
INSERT INTO figure_name (figure_id, language_code, text) VALUES ('281', 'ja', 'セルベリア・ブレス　ヴァルキュリアVer.');
INSERT INTO series_name (figure_id, language_code, text) VALUES ('281', 'ja', '戦場のヴァルキュリア');
INSERT INTO figure (id, scale, brand, origin_url) VALUES ('282', '1/8', 'Alter', 'https://alter-web.jp/products/419/');
INSERT INTO figure_name (figure_id, language_code, text) VALUES ('282', 'ja', '笹瀬川 佐々美');
INSERT INTO series_name (figure_id, language_code, text) VALUES ('282', 'ja', 'リトルバスターズ！');
INSERT INTO figure (id, scale, brand, origin_url) VALUES ('283', '1/8', 'Alter', 'https://alter-web.jp/products/390/');
INSERT INTO figure_name (figure_id, language_code, text) VALUES ('283', 'ja', '能美 クドリャフカ');
INSERT INTO series_name (figure_id, language_code, text) VALUES ('283', 'ja', 'リトルバスターズ！');
INSERT INTO figure (id, scale, brand, origin_url) VALUES ('284', '1/8', 'Alter', 'https://alter-web.jp/products/417/');
INSERT INTO figure_name (figure_id, language_code, text) VALUES ('284', 'ja', '秋山 澪　学園祭Ver.');
INSERT INTO series_name (figure_id, language_code, text) VALUES ('284', 'ja', 'けいおん！');
INSERT INTO figure (id, scale, brand, origin_url) VALUES ('285', '1/8', 'Alter', 'https://alter-web.jp/products/415/');
INSERT INTO figure_name (figure_id, language_code, text) VALUES ('285', 'ja', 'クララクラン・フィリアス　甲冑Ver.');
INSERT INTO series_name (figure_id, language_code, text) VALUES ('285', 'ja', 'シャイニング・ウィンド');
INSERT INTO figure (id, scale, brand, origin_url) VALUES ('286', '1/8', 'Alter', 'https://alter-web.jp/products/416/');
INSERT INTO figure_name (figure_id, language_code, text) VALUES ('286', 'ja', '天江 衣');
INSERT INTO series_name (figure_id, language_code, text) VALUES ('286', 'ja', '咲-Saki-');
INSERT INTO figure (id, scale, brand, origin_url) VALUES ('287', '1/8', 'Alter', 'https://alter-web.jp/products/410/');
INSERT INTO figure_name (figure_id, language_code, text) VALUES ('287', 'ja', 'サーニャ・V・リトヴャク');
INSERT INTO series_name (figure_id, language_code, text) VALUES ('287', 'ja', 'ストライクウィッチーズ');
INSERT INTO figure (id, scale, brand, origin_url) VALUES ('288', '1/7', 'Alter', 'https://alter-web.jp/products/412/');
INSERT INTO figure_name (figure_id, language_code, text) VALUES ('288', 'ja', '聖王ヴィヴィオ');
INSERT INTO series_name (figure_id, language_code, text) VALUES ('288', 'ja', '魔法少女リリカルなのはStrikerS');
INSERT INTO figure (id, scale, brand, origin_url) VALUES ('289', '1/8', 'Alter', 'https://alter-web.jp/products/413/');
INSERT INTO figure_name (figure_id, language_code, text) VALUES ('289', 'ja', '千姫');
INSERT INTO series_name (figure_id, language_code, text) VALUES ('289', 'ja', '百花繚乱');
INSERT INTO figure (id, scale, brand, origin_url) VALUES ('290', '1/8', 'Alter', 'https://alter-web.jp/products/391/');
INSERT INTO figure_name (figure_id, language_code, text) VALUES ('290', 'ja', '宮藤 芳佳');
INSERT INTO series_name (figure_id, language_code, text) VALUES ('290', 'ja', 'ストライクウィッチーズ');
INSERT INTO figure (id, scale, brand, origin_url) VALUES ('291', '1/8', 'Alter', 'https://alter-web.jp/products/407/');
INSERT INTO figure_name (figure_id, language_code, text) VALUES ('291', 'ja', 'イルファ');
INSERT INTO series_name (figure_id, language_code, text) VALUES ('291', 'ja', 'ToHeart2');
INSERT INTO figure (id, scale, brand, origin_url) VALUES ('292', '1/8', 'Alter', 'https://alter-web.jp/products/408/');
INSERT INTO figure_name (figure_id, language_code, text) VALUES ('292', 'ja', '中野 梓');
INSERT INTO series_name (figure_id, language_code, text) VALUES ('292', 'ja', 'けいおん！');
INSERT INTO figure (id, scale, brand, origin_url) VALUES ('293', '1/8', 'Alter', 'https://alter-web.jp/products/409/');
INSERT INTO figure_name (figure_id, language_code, text) VALUES ('293', 'ja', '片岡 優希');
INSERT INTO series_name (figure_id, language_code, text) VALUES ('293', 'ja', '咲-Saki-');
INSERT INTO figure (id, scale, brand, origin_url) VALUES ('294', '1/7', 'Alter', 'https://alter-web.jp/products/404/');
INSERT INTO figure_name (figure_id, language_code, text) VALUES ('294', 'ja', 'シャマル & ザフィーラ 仔犬Ver.');
INSERT INTO series_name (figure_id, language_code, text) VALUES ('294', 'ja', '魔法少女リリカルなのはStrikerS');
INSERT INTO figure (id, scale, brand, origin_url) VALUES ('295', '1/8', 'Alter', 'https://alter-web.jp/products/405/');
INSERT INTO figure_name (figure_id, language_code, text) VALUES ('295', 'ja', '魔想 志津香');
INSERT INTO series_name (figure_id, language_code, text) VALUES ('295', 'ja', 'ランスVI -ゼス崩壊-');
INSERT INTO figure (id, scale, brand, origin_url) VALUES ('296', '1/8', 'Alter', 'https://alter-web.jp/products/399/');
INSERT INTO figure_name (figure_id, language_code, text) VALUES ('296', 'ja', '河野 はるみ');
INSERT INTO series_name (figure_id, language_code, text) VALUES ('296', 'ja', 'ToHeart2');
INSERT INTO figure (id, scale, brand, origin_url) VALUES ('297', '1/8', 'Alter', 'https://alter-web.jp/products/400/');
INSERT INTO figure_name (figure_id, language_code, text) VALUES ('297', 'ja', '服部半蔵');
INSERT INTO series_name (figure_id, language_code, text) VALUES ('297', 'ja', '百花繚乱');
INSERT INTO figure (id, scale, brand, origin_url) VALUES ('298', '1/8', 'Alter', 'https://alter-web.jp/products/395/');
INSERT INTO figure_name (figure_id, language_code, text) VALUES ('298', 'ja', 'セイバー・リリィ');
INSERT INTO series_name (figure_id, language_code, text) VALUES ('298', 'ja', 'Fate/unlimited codes');
INSERT INTO figure (id, scale, brand, origin_url) VALUES ('299', '1/8', 'Alter', 'https://alter-web.jp/products/396/');
INSERT INTO figure_name (figure_id, language_code, text) VALUES ('299', 'ja', '夏侯淵 妙才');
INSERT INTO series_name (figure_id, language_code, text) VALUES ('299', 'ja', '一騎当千 Great Guardians');
INSERT INTO figure (id, scale, brand, origin_url) VALUES ('300', '1/8', 'Alter', 'https://alter-web.jp/products/398/');
INSERT INTO figure_name (figure_id, language_code, text) VALUES ('300', 'ja', '呂蒙 子明');
INSERT INTO series_name (figure_id, language_code, text) VALUES ('300', 'ja', '一騎当千 Great Guardians');
INSERT INTO figure (id, scale, brand, origin_url) VALUES ('301', '1/8', 'Alter', 'https://alter-web.jp/products/353/');
INSERT INTO figure_name (figure_id, language_code, text) VALUES ('301', 'ja', '趙雲 子龍');
INSERT INTO series_name (figure_id, language_code, text) VALUES ('301', 'ja', '一騎当千 Dragon Destiny');
INSERT INTO figure (id, scale, brand, origin_url) VALUES ('302', '1/8', 'Alter', 'https://alter-web.jp/products/348/');
INSERT INTO figure_name (figure_id, language_code, text) VALUES ('302', 'ja', '関羽 雲長');
INSERT INTO series_name (figure_id, language_code, text) VALUES ('302', 'ja', '一騎当千 Dragon Destiny');
INSERT INTO figure (id, scale, brand, origin_url) VALUES ('303', '1/7', 'Alter', 'https://alter-web.jp/products/392/');
INSERT INTO figure_name (figure_id, language_code, text) VALUES ('303', 'ja', '高町なのは　エクシードモード');
INSERT INTO series_name (figure_id, language_code, text) VALUES ('303', 'ja', '魔法少女リリカルなのはStrikerS');
INSERT INTO figure (id, scale, brand, origin_url) VALUES ('304', '1/8', 'Alter', 'https://alter-web.jp/products/389/');
INSERT INTO figure_name (figure_id, language_code, text) VALUES ('304', 'ja', '久慈川 りせ　水着Ver.');
INSERT INTO series_name (figure_id, language_code, text) VALUES ('304', 'ja', 'ペルソナ４');
INSERT INTO figure (id, scale, brand, origin_url) VALUES ('305', '1/8', 'Alter', 'https://alter-web.jp/products/384/');
INSERT INTO figure_name (figure_id, language_code, text) VALUES ('305', 'ja', 'カーヤ');
INSERT INTO series_name (figure_id, language_code, text) VALUES ('305', 'ja', 'ドルアーガの塔 ～the Aegis of URUK～');
INSERT INTO figure (id, scale, brand, origin_url) VALUES ('306', '1/8', 'Alter', 'https://alter-web.jp/products/385/');
INSERT INTO figure_name (figure_id, language_code, text) VALUES ('306', 'ja', 'シルファ');
INSERT INTO series_name (figure_id, language_code, text) VALUES ('306', 'ja', 'ToHeart2');
INSERT INTO figure (id, scale, brand, origin_url) VALUES ('307', '1/8', 'Alter', 'https://alter-web.jp/products/386/');
INSERT INTO figure_name (figure_id, language_code, text) VALUES ('307', 'ja', 'ファティナ');
INSERT INTO series_name (figure_id, language_code, text) VALUES ('307', 'ja', 'ドルアーガの塔 ～the Aegis of URUK～');
INSERT INTO figure (id, scale, brand, origin_url) VALUES ('308', '1/8', 'Alter', 'https://alter-web.jp/products/387/');
INSERT INTO figure_name (figure_id, language_code, text) VALUES ('308', 'ja', 'ブラックアリエス');
INSERT INTO series_name (figure_id, language_code, text) VALUES ('308', 'ja', '魔界天使ジブリール -episode3-');
INSERT INTO figure (id, scale, brand, origin_url) VALUES ('309', '1/7', 'Alter', 'https://alter-web.jp/products/356/');
INSERT INTO figure_name (figure_id, language_code, text) VALUES ('309', 'ja', 'ヴィータ');
INSERT INTO series_name (figure_id, language_code, text) VALUES ('309', 'ja', '魔法少女リリカルなのはStrikerS');
INSERT INTO figure (id, scale, brand, origin_url) VALUES ('310', '1/7', 'Alter', 'https://alter-web.jp/products/380/');
INSERT INTO figure_name (figure_id, language_code, text) VALUES ('310', 'ja', 'スバル・ナカジマ');
INSERT INTO series_name (figure_id, language_code, text) VALUES ('310', 'ja', '魔法少女リリカルなのはStrikerS');
INSERT INTO figure (id, scale, brand, origin_url) VALUES ('311', '1/8', 'Alter', 'https://alter-web.jp/products/381/');
INSERT INTO figure_name (figure_id, language_code, text) VALUES ('311', 'ja', '謎の賞金稼ぎ ヨーコ・リットナー');
INSERT INTO series_name (figure_id, language_code, text) VALUES ('311', 'ja', '天元突破グレンラガン');
INSERT INTO figure (id, scale, brand, origin_url) VALUES ('312', '1/8', 'Alter', 'https://alter-web.jp/products/382/');
INSERT INTO figure_name (figure_id, language_code, text) VALUES ('312', 'ja', '蒼崎 橙子');
INSERT INTO series_name (figure_id, language_code, text) VALUES ('312', 'ja', '劇場版 空の境界');
INSERT INTO figure (id, scale, brand, origin_url) VALUES ('313', '1/8', 'Alter', 'https://alter-web.jp/products/379/');
INSERT INTO figure_name (figure_id, language_code, text) VALUES ('313', 'ja', '川添 珠姫');
INSERT INTO series_name (figure_id, language_code, text) VALUES ('313', 'ja', 'バンブーブレード');
INSERT INTO figure (id, scale, brand, origin_url) VALUES ('314', '1/8', 'Alter', 'https://alter-web.jp/products/376/');
INSERT INTO figure_name (figure_id, language_code, text) VALUES ('314', 'ja', 'メタトロン');
INSERT INTO series_name (figure_id, language_code, text) VALUES ('314', 'ja', '斬魔大聖デモンベイン');
INSERT INTO figure (id, scale, brand, origin_url) VALUES ('315', '1/8', 'Alter', 'https://alter-web.jp/products/378/');
INSERT INTO figure_name (figure_id, language_code, text) VALUES ('315', 'ja', '南極 さくら　メイド服Ver.');
INSERT INTO series_name (figure_id, language_code, text) VALUES ('315', 'ja', 'ペンギン娘はぁと');
INSERT INTO figure (id, scale, brand, origin_url) VALUES ('316', '1/8', 'Alter', 'https://alter-web.jp/products/372/');
INSERT INTO figure_name (figure_id, language_code, text) VALUES ('316', 'ja', 'ルイズ　制服Ver.');
INSERT INTO series_name (figure_id, language_code, text) VALUES ('316', 'ja', 'ゼロの使い魔 ～三美姫の輪舞～');
INSERT INTO figure (id, scale, brand, origin_url) VALUES ('317', '1/8', 'Alter', 'https://alter-web.jp/products/373/');
INSERT INTO figure_name (figure_id, language_code, text) VALUES ('317', 'ja', '戦姫');
INSERT INTO series_name (figure_id, language_code, text) VALUES ('317', 'ja', '戦国ランス');
INSERT INTO figure (id, scale, brand, origin_url) VALUES ('318', '1/8', 'Alter', 'https://alter-web.jp/products/375/');
INSERT INTO figure_name (figure_id, language_code, text) VALUES ('318', 'ja', '長門 有希　制服Ver.');
INSERT INTO series_name (figure_id, language_code, text) VALUES ('318', 'ja', '涼宮ハルヒの憂鬱');
INSERT INTO figure (id, scale, brand, origin_url) VALUES ('319', '', 'Alter', 'https://alter-web.jp/products/347/');
INSERT INTO figure_name (figure_id, language_code, text) VALUES ('319', 'ja', 'リインフォースII');
INSERT INTO series_name (figure_id, language_code, text) VALUES ('319', 'ja', '魔法少女リリカルなのはStrikerS');
INSERT INTO figure (id, scale, brand, origin_url) VALUES ('320', '1/8', 'Alter', 'https://alter-web.jp/products/371/');
INSERT INTO figure_name (figure_id, language_code, text) VALUES ('320', 'ja', 'ヨマコ先生');
INSERT INTO series_name (figure_id, language_code, text) VALUES ('320', 'ja', '天元突破グレンラガン');
INSERT INTO figure (id, scale, brand, origin_url) VALUES ('321', '1/7', 'Alter', 'https://alter-web.jp/products/369/');
INSERT INTO figure_name (figure_id, language_code, text) VALUES ('321', 'ja', 'シグナム');
INSERT INTO series_name (figure_id, language_code, text) VALUES ('321', 'ja', '魔法少女リリカルなのはStrikerS');
INSERT INTO figure (id, scale, brand, origin_url) VALUES ('322', '1/7', 'Alter', 'https://alter-web.jp/products/370/');
INSERT INTO figure_name (figure_id, language_code, text) VALUES ('322', 'ja', 'ティアナ・ランスター');
INSERT INTO series_name (figure_id, language_code, text) VALUES ('322', 'ja', '魔法少女リリカルなのはStrikerS');
INSERT INTO figure (id, scale, brand, origin_url) VALUES ('323', '1/6', 'Alter', 'https://alter-web.jp/products/267/');
INSERT INTO figure_name (figure_id, language_code, text) VALUES ('323', 'ja', 'セイバー　メイドVer.');
INSERT INTO series_name (figure_id, language_code, text) VALUES ('323', 'ja', 'Fate/hollow ataraxia');
INSERT INTO figure (id, scale, brand, origin_url) VALUES ('324', '1/8', 'Alter', 'https://alter-web.jp/products/364/');
INSERT INTO figure_name (figure_id, language_code, text) VALUES ('324', 'ja', '聖天使ジブリール・ゼロ');
INSERT INTO series_name (figure_id, language_code, text) VALUES ('324', 'ja', '魔界天使ジブリール -episode3-');
INSERT INTO figure (id, scale, brand, origin_url) VALUES ('325', '1/8', 'Alter', 'https://alter-web.jp/products/365/');
INSERT INTO figure_name (figure_id, language_code, text) VALUES ('325', 'ja', '時雨 亜沙');
INSERT INTO series_name (figure_id, language_code, text) VALUES ('325', 'ja', 'SHUFFLE! MEMORIES');
INSERT INTO figure (id, scale, brand, origin_url) VALUES ('326', '1/7', 'Alter', 'https://alter-web.jp/products/366/');
INSERT INTO figure_name (figure_id, language_code, text) VALUES ('326', 'ja', '八神はやて');
INSERT INTO series_name (figure_id, language_code, text) VALUES ('326', 'ja', '魔法少女リリカルなのはStrikerS');
INSERT INTO figure (id, scale, brand, origin_url) VALUES ('327', '1/8', 'Alter', 'https://alter-web.jp/products/367/');
INSERT INTO figure_name (figure_id, language_code, text) VALUES ('327', 'ja', '涼宮 ハルヒ　制服Ver.');
INSERT INTO series_name (figure_id, language_code, text) VALUES ('327', 'ja', '涼宮ハルヒの憂鬱');
INSERT INTO figure (id, scale, brand, origin_url) VALUES ('328', '1/8', 'Alter', 'https://alter-web.jp/products/361/');
INSERT INTO figure_name (figure_id, language_code, text) VALUES ('328', 'ja', 'エリザベス');
INSERT INTO series_name (figure_id, language_code, text) VALUES ('328', 'ja', 'ペルソナ３ フェス');
INSERT INTO figure (id, scale, brand, origin_url) VALUES ('329', '1/8', 'Alter', 'https://alter-web.jp/products/362/');
INSERT INTO figure_name (figure_id, language_code, text) VALUES ('329', 'ja', '綾波 レイ');
INSERT INTO series_name (figure_id, language_code, text) VALUES ('329', 'ja', 'ヱヴァンゲリヲン新劇場版');
INSERT INTO figure (id, scale, brand, origin_url) VALUES ('330', '1/7', 'Alter', 'https://alter-web.jp/products/363/');
INSERT INTO figure_name (figure_id, language_code, text) VALUES ('330', 'ja', '彩');
INSERT INTO series_name (figure_id, language_code, text) VALUES ('330', 'ja', 'お姉チャンバラ vorteX');
INSERT INTO figure (id, scale, brand, origin_url) VALUES ('331', '1/7', 'Alter', 'https://alter-web.jp/products/357/');
INSERT INTO figure_name (figure_id, language_code, text) VALUES ('331', 'ja', 'ユニゾンヴィータ');
INSERT INTO series_name (figure_id, language_code, text) VALUES ('331', 'ja', '魔法少女リリカルなのはStrikerS');
INSERT INTO figure (id, scale, brand, origin_url) VALUES ('332', '1/8', 'Alter', 'https://alter-web.jp/products/358/');
INSERT INTO figure_name (figure_id, language_code, text) VALUES ('332', 'ja', 'リリィ・サルバターナ');
INSERT INTO series_name (figure_id, language_code, text) VALUES ('332', 'ja', '続・殺戮のジャンゴ -地獄の賞金首-');
INSERT INTO figure (id, scale, brand, origin_url) VALUES ('333', '1/8', 'Alter', 'https://alter-web.jp/products/360/');
INSERT INTO figure_name (figure_id, language_code, text) VALUES ('333', 'ja', '鷹守 ハルカ');
INSERT INTO series_name (figure_id, language_code, text) VALUES ('333', 'ja', '超昂閃忍ハルカ');
INSERT INTO figure (id, scale, brand, origin_url) VALUES ('334', '', 'Alter', 'https://alter-web.jp/products/354/');
INSERT INTO figure_name (figure_id, language_code, text) VALUES ('334', 'ja', 'チューア・チュラム');
INSERT INTO series_name (figure_id, language_code, text) VALUES ('334', 'ja', 'Chu×Chuアイドる');
INSERT INTO figure (id, scale, brand, origin_url) VALUES ('335', '1/8', 'Alter', 'https://alter-web.jp/products/355/');
INSERT INTO figure_name (figure_id, language_code, text) VALUES ('335', 'ja', '月城 ミーナ');
INSERT INTO series_name (figure_id, language_code, text) VALUES ('335', 'ja', '月面兎兵器ミーナ');
INSERT INTO figure (id, scale, brand, origin_url) VALUES ('336', '1/8', 'Alter', 'https://alter-web.jp/products/352/');
INSERT INTO figure_name (figure_id, language_code, text) VALUES ('336', 'ja', '朝比奈 みくる　メイドVer.');
INSERT INTO series_name (figure_id, language_code, text) VALUES ('336', 'ja', '涼宮ハルヒの憂鬱');
INSERT INTO figure (id, scale, brand, origin_url) VALUES ('337', '1/8', 'Alter', 'https://alter-web.jp/products/314/');
INSERT INTO figure_name (figure_id, language_code, text) VALUES ('337', 'ja', 'ファウナ');
INSERT INTO series_name (figure_id, language_code, text) VALUES ('337', 'ja', 'めがちゅ！');
INSERT INTO figure (id, scale, brand, origin_url) VALUES ('338', '1/8', 'Alter', 'https://alter-web.jp/products/350/');
INSERT INTO figure_name (figure_id, language_code, text) VALUES ('338', 'ja', 'シエスタ');
INSERT INTO series_name (figure_id, language_code, text) VALUES ('338', 'ja', 'ゼロの使い魔 ～双月の騎士～');
INSERT INTO figure (id, scale, brand, origin_url) VALUES ('339', '1/8', 'Alter', 'https://alter-web.jp/products/351/');
INSERT INTO figure_name (figure_id, language_code, text) VALUES ('339', 'ja', '桐条 美鶴');
INSERT INTO series_name (figure_id, language_code, text) VALUES ('339', 'ja', 'ペルソナ３ フェス');
INSERT INTO figure (id, scale, brand, origin_url) VALUES ('340', '1/8', 'Alter', 'https://alter-web.jp/products/346/');
INSERT INTO figure_name (figure_id, language_code, text) VALUES ('340', 'ja', 'ヨルズ');
INSERT INTO series_name (figure_id, language_code, text) VALUES ('340', 'ja', 'めがちゅ！');
INSERT INTO figure (id, scale, brand, origin_url) VALUES ('341', '1/8', 'Alter', 'https://alter-web.jp/products/349/');
INSERT INTO figure_name (figure_id, language_code, text) VALUES ('341', 'ja', '閻魔 あい');
INSERT INTO series_name (figure_id, language_code, text) VALUES ('341', 'ja', '地獄少女');
INSERT INTO figure (id, scale, brand, origin_url) VALUES ('342', '1/8', 'Alter', 'https://alter-web.jp/products/295/');
INSERT INTO figure_name (figure_id, language_code, text) VALUES ('342', 'ja', 'フェイト・テスタロッサ');
INSERT INTO series_name (figure_id, language_code, text) VALUES ('342', 'ja', '魔法少女リリカルなのはA''s');
INSERT INTO figure (id, scale, brand, origin_url) VALUES ('343', '1/8', 'Alter', 'https://alter-web.jp/products/296/');
INSERT INTO figure_name (figure_id, language_code, text) VALUES ('343', 'ja', 'シャロン');
INSERT INTO series_name (figure_id, language_code, text) VALUES ('343', 'ja', 'クイズマジックアカデミー');
INSERT INTO figure (id, scale, brand, origin_url) VALUES ('344', '1/8', 'Alter', 'https://alter-web.jp/products/343/');
INSERT INTO figure_name (figure_id, language_code, text) VALUES ('344', 'ja', '黒のフランコ');
INSERT INTO series_name (figure_id, language_code, text) VALUES ('344', 'ja', '続・殺戮のジャンゴ -地獄の賞金首-');
INSERT INTO figure (id, scale, brand, origin_url) VALUES ('345', '1/8', 'Alter', 'https://alter-web.jp/products/345/');
INSERT INTO figure_name (figure_id, language_code, text) VALUES ('345', 'ja', '長門 有希　水着Ver.');
INSERT INTO series_name (figure_id, language_code, text) VALUES ('345', 'ja', '涼宮ハルヒの憂鬱');
INSERT INTO figure (id, scale, brand, origin_url) VALUES ('346', '1/8', 'Alter', 'https://alter-web.jp/products/340/');
INSERT INTO figure_name (figure_id, language_code, text) VALUES ('346', 'ja', 'アロエ & CPUシャロン');
INSERT INTO series_name (figure_id, language_code, text) VALUES ('346', 'ja', 'クイズマジックアカデミー');
INSERT INTO figure (id, scale, brand, origin_url) VALUES ('347', '1/8', 'Alter', 'https://alter-web.jp/products/342/');
INSERT INTO figure_name (figure_id, language_code, text) VALUES ('347', 'ja', 'エグゼリカ');
INSERT INTO series_name (figure_id, language_code, text) VALUES ('347', 'ja', 'トリガーハート　エグゼリカ');
INSERT INTO figure (id, scale, brand, origin_url) VALUES ('348', '1/8', 'Alter', 'https://alter-web.jp/products/334/');
INSERT INTO figure_name (figure_id, language_code, text) VALUES ('348', 'ja', 'ルイズ　ビスチェVer.');
INSERT INTO series_name (figure_id, language_code, text) VALUES ('348', 'ja', 'ゼロの使い魔 ～双月の騎士～');
INSERT INTO figure (id, scale, brand, origin_url) VALUES ('349', '1/8', 'Alter', 'https://alter-web.jp/products/335/');
INSERT INTO figure_name (figure_id, language_code, text) VALUES ('349', 'ja', 'ナディ');
INSERT INTO series_name (figure_id, language_code, text) VALUES ('349', 'ja', 'エル・カザド');
INSERT INTO figure (id, scale, brand, origin_url) VALUES ('350', '1/8', 'Alter', 'https://alter-web.jp/products/311/');
INSERT INTO figure_name (figure_id, language_code, text) VALUES ('350', 'ja', 'エスカレイヤー');
INSERT INTO series_name (figure_id, language_code, text) VALUES ('350', 'ja', '超昴天使エスカレイヤー');
INSERT INTO figure (id, scale, brand, origin_url) VALUES ('351', '1/8', 'Alter', 'https://alter-web.jp/products/328/');
INSERT INTO figure_name (figure_id, language_code, text) VALUES ('351', 'ja', 'デス先生');
INSERT INTO series_name (figure_id, language_code, text) VALUES ('351', 'ja', 'Peace@Pieces');
INSERT INTO figure (id, scale, brand, origin_url) VALUES ('352', '1/8', 'Alter', 'https://alter-web.jp/products/329/');
INSERT INTO figure_name (figure_id, language_code, text) VALUES ('352', 'ja', '名前のない女');
INSERT INTO series_name (figure_id, language_code, text) VALUES ('352', 'ja', '続・殺戮のジャンゴ -地獄の賞金首-');
INSERT INTO figure (id, scale, brand, origin_url) VALUES ('353', '1/8', 'Alter', 'https://alter-web.jp/products/327/');
INSERT INTO figure_name (figure_id, language_code, text) VALUES ('353', 'ja', '鶴屋さん　メイドVer.');
INSERT INTO series_name (figure_id, language_code, text) VALUES ('353', 'ja', '涼宮ハルヒの憂鬱');
INSERT INTO figure (id, scale, brand, origin_url) VALUES ('354', '1/8', 'Alter', 'https://alter-web.jp/products/325/');
INSERT INTO figure_name (figure_id, language_code, text) VALUES ('354', 'ja', 'アイギス');
INSERT INTO series_name (figure_id, language_code, text) VALUES ('354', 'ja', 'ペルソナ３');
INSERT INTO figure (id, scale, brand, origin_url) VALUES ('355', '1/8', 'Alter', 'https://alter-web.jp/products/326/');
INSERT INTO figure_name (figure_id, language_code, text) VALUES ('355', 'ja', 'レウコテア');
INSERT INTO series_name (figure_id, language_code, text) VALUES ('355', 'ja', 'めがちゅ！');
INSERT INTO figure (id, scale, brand, origin_url) VALUES ('356', '1/8', 'Alter', 'https://alter-web.jp/products/322/');
INSERT INTO figure_name (figure_id, language_code, text) VALUES ('356', 'ja', 'カミナギ・リョーコ');
INSERT INTO series_name (figure_id, language_code, text) VALUES ('356', 'ja', 'ゼーガペイン');
INSERT INTO figure (id, scale, brand, origin_url) VALUES ('357', '', 'Alter', 'https://alter-web.jp/products/324/');
INSERT INTO figure_name (figure_id, language_code, text) VALUES ('357', 'ja', '真紅');
INSERT INTO series_name (figure_id, language_code, text) VALUES ('357', 'ja', 'ローゼンメイデン');
INSERT INTO figure (id, scale, brand, origin_url) VALUES ('358', '1/8', 'Alter', 'https://alter-web.jp/products/319/');
INSERT INTO figure_name (figure_id, language_code, text) VALUES ('358', 'ja', 'アルクェイド・ブリュンスタッド');
INSERT INTO series_name (figure_id, language_code, text) VALUES ('358', 'ja', 'MELTY BLOOD');
INSERT INTO figure (id, scale, brand, origin_url) VALUES ('359', '1/8', 'Alter', 'https://alter-web.jp/products/320/');
INSERT INTO figure_name (figure_id, language_code, text) VALUES ('359', 'ja', '天羽 雅音　ウィッチブレイド発動態パワーアップVer.');
INSERT INTO series_name (figure_id, language_code, text) VALUES ('359', 'ja', 'ウィッチブレイド');
INSERT INTO figure (id, scale, brand, origin_url) VALUES ('360', '1/8', 'Alter', 'https://alter-web.jp/products/317/');
INSERT INTO figure_name (figure_id, language_code, text) VALUES ('360', 'ja', '荻上 千佳　コスプレVer.');
INSERT INTO series_name (figure_id, language_code, text) VALUES ('360', 'ja', 'くじびきアンバランス');
INSERT INTO figure (id, scale, brand, origin_url) VALUES ('361', '1/8', 'Alter', 'https://alter-web.jp/products/318/');
INSERT INTO figure_name (figure_id, language_code, text) VALUES ('361', 'ja', 'アル・アジフ　水着Ver.');
INSERT INTO series_name (figure_id, language_code, text) VALUES ('361', 'ja', '斬魔大聖デモンベイン');
INSERT INTO figure (id, scale, brand, origin_url) VALUES ('362', '1/8', 'Alter', 'https://alter-web.jp/products/315/');
INSERT INTO figure_name (figure_id, language_code, text) VALUES ('362', 'ja', 'ルキア');
INSERT INTO series_name (figure_id, language_code, text) VALUES ('362', 'ja', 'クイズマジックアカデミー');
INSERT INTO figure (id, scale, brand, origin_url) VALUES ('363', '1/8', 'Alter', 'https://alter-web.jp/products/316/');
INSERT INTO figure_name (figure_id, language_code, text) VALUES ('363', 'ja', '花本 はぐみ');
INSERT INTO series_name (figure_id, language_code, text) VALUES ('363', 'ja', 'ハチミツとクローバー');
INSERT INTO figure (id, scale, brand, origin_url) VALUES ('364', '1/8', 'Alter', 'https://alter-web.jp/products/332/');
INSERT INTO figure_name (figure_id, language_code, text) VALUES ('364', 'ja', '有坂 香月　競泳Ver.');
INSERT INTO series_name (figure_id, language_code, text) VALUES ('364', 'ja', 'となグラ！');
INSERT INTO figure (id, scale, brand, origin_url) VALUES ('365', '1/8', 'Alter', 'https://alter-web.jp/products/312/');
INSERT INTO figure_name (figure_id, language_code, text) VALUES ('365', 'ja', '風のうしろを歩むもの');
INSERT INTO series_name (figure_id, language_code, text) VALUES ('365', 'ja', '塵骸魔京');
INSERT INTO figure (id, scale, brand, origin_url) VALUES ('366', '1/8', 'Alter', 'https://alter-web.jp/products/313/');
INSERT INTO figure_name (figure_id, language_code, text) VALUES ('366', 'ja', '周防 美琴　水着Ver.');
INSERT INTO series_name (figure_id, language_code, text) VALUES ('366', 'ja', 'スクールランブル二学期');
INSERT INTO figure (id, scale, brand, origin_url) VALUES ('367', '1/8', 'Alter', 'https://alter-web.jp/products/307/');
INSERT INTO figure_name (figure_id, language_code, text) VALUES ('367', 'ja', 'レヴィ');
INSERT INTO series_name (figure_id, language_code, text) VALUES ('367', 'ja', 'ブラックラグーン');
INSERT INTO figure (id, scale, brand, origin_url) VALUES ('368', '1/6', 'Alter', 'https://alter-web.jp/products/309/');
INSERT INTO figure_name (figure_id, language_code, text) VALUES ('368', 'ja', 'ライダー　水着Ver.');
INSERT INTO series_name (figure_id, language_code, text) VALUES ('368', 'ja', 'Fate/hollow ataraxia');
INSERT INTO figure (id, scale, brand, origin_url) VALUES ('369', '1/8', 'Alter', 'https://alter-web.jp/products/310/');
INSERT INTO figure_name (figure_id, language_code, text) VALUES ('369', 'ja', '天羽 雅音　私服Ver.');
INSERT INTO series_name (figure_id, language_code, text) VALUES ('369', 'ja', 'ウィッチブレイド');
INSERT INTO figure (id, scale, brand, origin_url) VALUES ('370', '1/8', 'Alter', 'https://alter-web.jp/products/304/');
INSERT INTO figure_name (figure_id, language_code, text) VALUES ('370', 'ja', '斎香・Ｓ・ファルネーゼ');
INSERT INTO series_name (figure_id, language_code, text) VALUES ('370', 'ja', 'ぱすてるチャイムContinue');
INSERT INTO figure (id, scale, brand, origin_url) VALUES ('371', '1/8', 'Alter', 'https://alter-web.jp/products/305/');
INSERT INTO figure_name (figure_id, language_code, text) VALUES ('371', 'ja', '聖天使ジブリール');
INSERT INTO series_name (figure_id, language_code, text) VALUES ('371', 'ja', '魔界天使ジブリール');
INSERT INTO figure (id, scale, brand, origin_url) VALUES ('372', '1/8', 'Alter', 'https://alter-web.jp/products/301/');
INSERT INTO figure_name (figure_id, language_code, text) VALUES ('372', 'ja', 'ルイズ');
INSERT INTO series_name (figure_id, language_code, text) VALUES ('372', 'ja', 'ゼロの使い魔');
INSERT INTO figure (id, scale, brand, origin_url) VALUES ('373', '1/8', 'Alter', 'https://alter-web.jp/products/302/');
INSERT INTO figure_name (figure_id, language_code, text) VALUES ('373', 'ja', '沢近 愛理　水着Ver.');
INSERT INTO series_name (figure_id, language_code, text) VALUES ('373', 'ja', 'スクールランブル二学期');
INSERT INTO figure (id, scale, brand, origin_url) VALUES ('374', '1/8', 'Alter', 'https://alter-web.jp/products/303/');
INSERT INTO figure_name (figure_id, language_code, text) VALUES ('374', 'ja', '津崎 青葉 & モリビト2号');
INSERT INTO series_name (figure_id, language_code, text) VALUES ('374', 'ja', 'JINKI:EXTEND');
INSERT INTO figure (id, scale, brand, origin_url) VALUES ('375', '1/8', 'Alter', 'https://alter-web.jp/products/298/');
INSERT INTO figure_name (figure_id, language_code, text) VALUES ('375', 'ja', '橘 玲');
INSERT INTO series_name (figure_id, language_code, text) VALUES ('375', 'ja', 'ぱにぽにだっしゅ！');
INSERT INTO figure (id, scale, brand, origin_url) VALUES ('376', '1/6', 'Alter', 'https://alter-web.jp/products/299/');
INSERT INTO figure_name (figure_id, language_code, text) VALUES ('376', 'ja', 'イリヤ　水着Ver.');
INSERT INTO series_name (figure_id, language_code, text) VALUES ('376', 'ja', 'Fate/hollow ataraxia');
INSERT INTO figure (id, scale, brand, origin_url) VALUES ('377', '1/8', 'Alter', 'https://alter-web.jp/products/300/');
INSERT INTO figure_name (figure_id, language_code, text) VALUES ('377', 'ja', 'ナギ　死神装束Ver.');
INSERT INTO series_name (figure_id, language_code, text) VALUES ('377', 'ja', 'Peace@Pieces');
INSERT INTO figure (id, scale, brand, origin_url) VALUES ('378', '1/8', 'Alter', 'https://alter-web.jp/products/293/');
INSERT INTO figure_name (figure_id, language_code, text) VALUES ('378', 'ja', '間桐 桜　戦闘服Ver.');
INSERT INTO series_name (figure_id, language_code, text) VALUES ('378', 'ja', 'Fate/hollow ataraxia');
INSERT INTO figure (id, scale, brand, origin_url) VALUES ('379', '1/8', 'Alter', 'https://alter-web.jp/products/294/');
INSERT INTO figure_name (figure_id, language_code, text) VALUES ('379', 'ja', 'カレン・オルテンシア');
INSERT INTO series_name (figure_id, language_code, text) VALUES ('379', 'ja', 'Fate/hollow ataraxia');
INSERT INTO figure (id, scale, brand, origin_url) VALUES ('380', '1/8', 'Alter', 'https://alter-web.jp/products/290/');
INSERT INTO figure_name (figure_id, language_code, text) VALUES ('380', 'ja', 'イグニス');
INSERT INTO series_name (figure_id, language_code, text) VALUES ('380', 'ja', '塵骸魔京');
INSERT INTO figure (id, scale, brand, origin_url) VALUES ('381', '1/6', 'Alter', 'https://alter-web.jp/products/291/');
INSERT INTO figure_name (figure_id, language_code, text) VALUES ('381', 'ja', 'セイバー　水着Ver.');
INSERT INTO series_name (figure_id, language_code, text) VALUES ('381', 'ja', 'Fate/hollow ataraxia');
INSERT INTO figure (id, scale, brand, origin_url) VALUES ('382', '1/8', 'Alter', 'https://alter-web.jp/products/292/');
INSERT INTO figure_name (figure_id, language_code, text) VALUES ('382', 'ja', '十条 紫苑');
INSERT INTO series_name (figure_id, language_code, text) VALUES ('382', 'ja', '処女（おとめ）はお姉さま（ボク）に恋してる');
INSERT INTO figure (id, scale, brand, origin_url) VALUES ('383', '1/8', 'Alter', 'https://alter-web.jp/products/274/');
INSERT INTO figure_name (figure_id, language_code, text) VALUES ('383', 'ja', 'Xenosaga　KOS-MOS');
INSERT INTO series_name (figure_id, language_code, text) VALUES ('383', 'ja', 'ゼノサーガ エピソードI [力への意志]');
INSERT INTO figure (id, scale, brand, origin_url) VALUES ('384', '1/8', 'Alter', 'https://alter-web.jp/products/270/');
INSERT INTO figure_name (figure_id, language_code, text) VALUES ('384', 'ja', 'アルヴィス・Ｅ・ハミルトン');
INSERT INTO series_name (figure_id, language_code, text) VALUES ('384', 'ja', 'ラストエグザイル');
INSERT INTO figure (id, scale, brand, origin_url) VALUES ('385', '1/8', 'Alter', 'https://alter-web.jp/products/288/');
INSERT INTO figure_name (figure_id, language_code, text) VALUES ('385', 'ja', '竜胆 リナ');
INSERT INTO series_name (figure_id, language_code, text) VALUES ('385', 'ja', 'ぱすてるチャイムContinue');
INSERT INTO figure (id, scale, brand, origin_url) VALUES ('386', '1/8', 'Alter', 'https://alter-web.jp/products/289/');
INSERT INTO figure_name (figure_id, language_code, text) VALUES ('386', 'ja', '葉月　ドレスVer.');
INSERT INTO series_name (figure_id, language_code, text) VALUES ('386', 'ja', '月詠 －MOON PHASE－');
INSERT INTO figure (id, scale, brand, origin_url) VALUES ('387', '1/8', 'Alter', 'https://alter-web.jp/products/297/');
INSERT INTO figure_name (figure_id, language_code, text) VALUES ('387', 'ja', '厳島 貴子');
INSERT INTO series_name (figure_id, language_code, text) VALUES ('387', 'ja', '処女（おとめ）はお姉さま（ボク）に恋してる');
INSERT INTO figure (id, scale, brand, origin_url) VALUES ('388', '1/8', 'Alter', 'https://alter-web.jp/products/268/');
INSERT INTO figure_name (figure_id, language_code, text) VALUES ('388', 'ja', 'ジョウ');
INSERT INTO series_name (figure_id, language_code, text) VALUES ('388', 'ja', '爆裂天使');
INSERT INTO figure (id, scale, brand, origin_url) VALUES ('389', '1/8', 'Alter', 'https://alter-web.jp/products/287/');
INSERT INTO figure_name (figure_id, language_code, text) VALUES ('389', 'ja', 'エイミー');
INSERT INTO series_name (figure_id, language_code, text) VALUES ('389', 'ja', '爆裂天使');
INSERT INTO figure (id, scale, brand, origin_url) VALUES ('390', '1/8', 'Alter', 'https://alter-web.jp/products/278/');
INSERT INTO figure_name (figure_id, language_code, text) VALUES ('390', 'ja', 'メグ');
INSERT INTO series_name (figure_id, language_code, text) VALUES ('390', 'ja', '爆裂天使');
INSERT INTO figure (id, scale, brand, origin_url) VALUES ('391', '1/8', 'Alter', 'https://alter-web.jp/products/284/');
INSERT INTO figure_name (figure_id, language_code, text) VALUES ('391', 'ja', 'ヒカル　死神装束Ver.');
INSERT INTO series_name (figure_id, language_code, text) VALUES ('391', 'ja', 'Peace@Pieces');
INSERT INTO figure (id, scale, brand, origin_url) VALUES ('392', '1/8', 'Alter', 'https://alter-web.jp/products/285/');
INSERT INTO figure_name (figure_id, language_code, text) VALUES ('392', 'ja', '黒セイバー　ドレスVer.');
INSERT INTO series_name (figure_id, language_code, text) VALUES ('392', 'ja', 'Fate/hollow ataraxia');
INSERT INTO figure (id, scale, brand, origin_url) VALUES ('393', '1/8', 'Alter', 'https://alter-web.jp/products/286/');
INSERT INTO figure_name (figure_id, language_code, text) VALUES ('393', 'ja', '宮小路 瑞穂');
INSERT INTO series_name (figure_id, language_code, text) VALUES ('393', 'ja', '処女（おとめ）はお姉さま（ボク）に恋してる');
INSERT INTO figure (id, scale, brand, origin_url) VALUES ('394', '1/8', 'Alter', 'https://alter-web.jp/products/283/');
INSERT INTO figure_name (figure_id, language_code, text) VALUES ('394', 'ja', 'セイ');
INSERT INTO series_name (figure_id, language_code, text) VALUES ('394', 'ja', '爆裂天使');
INSERT INTO figure (id, scale, brand, origin_url) VALUES ('395', '1/8', 'Alter', 'https://alter-web.jp/products/282/');
INSERT INTO figure_name (figure_id, language_code, text) VALUES ('395', 'ja', '高町なのは');
INSERT INTO series_name (figure_id, language_code, text) VALUES ('395', 'ja', '魔法少女リリカルなのはA''s');
INSERT INTO figure (id, scale, brand, origin_url) VALUES ('396', '1/6', 'Alter', 'https://alter-web.jp/products/281/');
INSERT INTO figure_name (figure_id, language_code, text) VALUES ('396', 'ja', '間桐 桜　水着Ver.');
INSERT INTO series_name (figure_id, language_code, text) VALUES ('396', 'ja', 'Fate/hollow ataraxia');
INSERT INTO figure (id, scale, brand, origin_url) VALUES ('397', '1/8', 'Alter', 'https://alter-web.jp/products/279/');
INSERT INTO figure_name (figure_id, language_code, text) VALUES ('397', 'ja', '聖天使ジブリール アリエス');
INSERT INTO series_name (figure_id, language_code, text) VALUES ('397', 'ja', '魔界天使ジブリール -episode2-');
INSERT INTO figure (id, scale, brand, origin_url) VALUES ('398', '1/7', 'Alter', 'https://alter-web.jp/products/280/');
INSERT INTO figure_name (figure_id, language_code, text) VALUES ('398', 'ja', 'ガーネット');
INSERT INTO series_name (figure_id, language_code, text) VALUES ('398', 'ja', 'ザ・ランブルフィッシュ');
INSERT INTO figure (id, scale, brand, origin_url) VALUES ('399', '1/8', 'Alter', 'https://alter-web.jp/products/277/');
INSERT INTO figure_name (figure_id, language_code, text) VALUES ('399', 'ja', 'セイバー　私服Ver.');
INSERT INTO series_name (figure_id, language_code, text) VALUES ('399', 'ja', 'Fate/hollow ataraxia');
INSERT INTO figure (id, scale, brand, origin_url) VALUES ('400', '1/8', 'Alter', 'https://alter-web.jp/products/275/');
INSERT INTO figure_name (figure_id, language_code, text) VALUES ('400', 'ja', 'なぎさ');
INSERT INTO series_name (figure_id, language_code, text) VALUES ('400', 'ja', 'MAID iN HEAVEN SuperS');
INSERT INTO figure (id, scale, brand, origin_url) VALUES ('401', '1/5', 'Alter', 'https://alter-web.jp/products/276/');
INSERT INTO figure_name (figure_id, language_code, text) VALUES ('401', 'ja', '惣流・アスカ・ラングレー');
INSERT INTO series_name (figure_id, language_code, text) VALUES ('401', 'ja', '新世紀エヴァンゲリオン');
INSERT INTO figure (id, scale, brand, origin_url) VALUES ('402', '1/6', 'Alter', 'https://alter-web.jp/products/272/');
INSERT INTO figure_name (figure_id, language_code, text) VALUES ('402', 'ja', '遠坂 凛　水着Ver.');
INSERT INTO series_name (figure_id, language_code, text) VALUES ('402', 'ja', 'Fate/hollow ataraxia');
INSERT INTO figure (id, scale, brand, origin_url) VALUES ('403', '1/8', 'Alter', 'https://alter-web.jp/products/273/');
INSERT INTO figure_name (figure_id, language_code, text) VALUES ('403', 'ja', 'ベッキー & メソウサ');
INSERT INTO series_name (figure_id, language_code, text) VALUES ('403', 'ja', 'ぱにぽにだっしゅ！');
INSERT INTO figure (id, scale, brand, origin_url) VALUES ('404', '1/8', 'Alter', 'https://alter-web.jp/products/271/');
INSERT INTO figure_name (figure_id, language_code, text) VALUES ('404', 'ja', '木ノ下 貴子　水着Ver.');
INSERT INTO series_name (figure_id, language_code, text) VALUES ('404', 'ja', 'Pia♥キャロットへようこそ!!3');
INSERT INTO figure (id, scale, brand, origin_url) VALUES ('405', '1/6', 'Alter', 'https://alter-web.jp/products/269/');
INSERT INTO figure_name (figure_id, language_code, text) VALUES ('405', 'ja', '水樹 マイア');
INSERT INTO series_name (figure_id, language_code, text) VALUES ('405', 'ja', '光と水のダフネ');
INSERT INTO figure (id, scale, brand, origin_url) VALUES ('406', '1/5', 'Alter', 'https://alter-web.jp/products/266/');
INSERT INTO figure_name (figure_id, language_code, text) VALUES ('406', 'ja', '綾波 レイ');
INSERT INTO series_name (figure_id, language_code, text) VALUES ('406', 'ja', '新世紀エヴァンゲリオン');
INSERT INTO figure (id, scale, brand, origin_url) VALUES ('407', '1/8', 'Alter', 'https://alter-web.jp/products/532/');
INSERT INTO figure_name (figure_id, language_code, text) VALUES ('407', 'ja', 'パーシヴァル');
INSERT INTO series_name (figure_id, language_code, text) VALUES ('407', 'ja', 'グランブルーファンタジー');
INSERT INTO figure (id, scale, brand, origin_url) VALUES ('408', '1/8', 'Alter', 'https://alter-web.jp/products/521/');
INSERT INTO figure_name (figure_id, language_code, text) VALUES ('408', 'ja', 'アーチャー／ギルガメッシュ');
INSERT INTO series_name (figure_id, language_code, text) VALUES ('408', 'ja', 'Fate/Grand Order');
INSERT INTO figure (id, scale, brand, origin_url) VALUES ('409', '1/8', 'Alter', 'https://alter-web.jp/products/522/');
INSERT INTO figure_name (figure_id, language_code, text) VALUES ('409', 'ja', '冨岡 義勇');
INSERT INTO series_name (figure_id, language_code, text) VALUES ('409', 'ja', 'テレビアニメ「鬼滅の刃」');
INSERT INTO figure (id, scale, brand, origin_url) VALUES ('410', '1/7', 'Alter', 'https://alter-web.jp/products/493/');
INSERT INTO figure_name (figure_id, language_code, text) VALUES ('410', 'ja', 'キリト');
INSERT INTO series_name (figure_id, language_code, text) VALUES ('410', 'ja', 'ソードアート・オンライン');
INSERT INTO figure (id, scale, brand, origin_url) VALUES ('411', '1/8', 'Alter', 'https://alter-web.jp/products/487/');
INSERT INTO figure_name (figure_id, language_code, text) VALUES ('411', 'ja', 'セイバー／ガウェイン');
INSERT INTO series_name (figure_id, language_code, text) VALUES ('411', 'ja', 'Fate/Grand Order');
INSERT INTO figure (id, scale, brand, origin_url) VALUES ('412', '1/8', 'Alter', 'https://alter-web.jp/products/246/');
INSERT INTO figure_name (figure_id, language_code, text) VALUES ('412', 'ja', 'キャスター／マーリン');
INSERT INTO series_name (figure_id, language_code, text) VALUES ('412', 'ja', 'Fate/Grand Order');
INSERT INTO figure (id, scale, brand, origin_url) VALUES ('413', '1/8', 'Alter', 'https://alter-web.jp/products/239/');
INSERT INTO figure_name (figure_id, language_code, text) VALUES ('413', 'ja', 'セイバー／アーサー・ペンドラゴン［プロトタイプ］');
INSERT INTO series_name (figure_id, language_code, text) VALUES ('413', 'ja', 'Fate/Grand Order');
INSERT INTO figure (id, scale, brand, origin_url) VALUES ('414', '1/8', 'Alter', 'https://alter-web.jp/products/247/');
INSERT INTO figure_name (figure_id, language_code, text) VALUES ('414', 'ja', '天ヶ瀬 冬馬');
INSERT INTO series_name (figure_id, language_code, text) VALUES ('414', 'ja', 'アイドルマスター SideM');
INSERT INTO figure (id, scale, brand, origin_url) VALUES ('415', '1/8', 'Alter', 'https://alter-web.jp/products/238/');
INSERT INTO figure_name (figure_id, language_code, text) VALUES ('415', 'ja', 'テイルズ オブ ヴェスペリア　ユーリ・ローウェル　心の中の聖騎士様Ver.＆ラピード');
INSERT INTO series_name (figure_id, language_code, text) VALUES ('415', 'ja', 'テイルズ オブ ヴェスペリア');
INSERT INTO figure (id, scale, brand, origin_url) VALUES ('416', '1/8', 'Alter', 'https://alter-web.jp/products/228/');
INSERT INTO figure_name (figure_id, language_code, text) VALUES ('416', 'ja', 'アヴェンジャー／巌窟王 エドモン・ダンテス');
INSERT INTO series_name (figure_id, language_code, text) VALUES ('416', 'ja', 'Fate/Grand Order');
INSERT INTO figure (id, scale, brand, origin_url) VALUES ('417', '1/8', 'Alter', 'https://alter-web.jp/products/219/');
INSERT INTO figure_name (figure_id, language_code, text) VALUES ('417', 'ja', 'テイルズ オブ ベルセリア　アイゼン');
INSERT INTO series_name (figure_id, language_code, text) VALUES ('417', 'ja', 'テイルズ オブ ベルセリア');
INSERT INTO figure (id, scale, brand, origin_url) VALUES ('418', '1/8', 'Alter', 'https://alter-web.jp/products/205/');
INSERT INTO figure_name (figure_id, language_code, text) VALUES ('418', 'ja', 'ディーオ・エラクレア');
INSERT INTO series_name (figure_id, language_code, text) VALUES ('418', 'ja', 'ラストエグザイル-銀翼のファム-');
INSERT INTO figure (id, scale, brand, origin_url) VALUES ('419', '1/7', 'Alter', 'https://alter-web.jp/products/216/');
INSERT INTO figure_name (figure_id, language_code, text) VALUES ('419', 'ja', 'テイルズ オブ ゼスティリア ザ クロス　スレイ');
INSERT INTO series_name (figure_id, language_code, text) VALUES ('419', 'ja', 'テイルズ オブ ゼスティリア ザ クロス');
INSERT INTO figure (id, scale, brand, origin_url) VALUES ('420', '1/7', 'Alter', 'https://alter-web.jp/products/217/');
INSERT INTO figure_name (figure_id, language_code, text) VALUES ('420', 'ja', 'テイルズ オブ ゼスティリア ザ クロス　ミクリオ');
INSERT INTO series_name (figure_id, language_code, text) VALUES ('420', 'ja', 'テイルズ オブ ゼスティリア ザ クロス');
INSERT INTO figure (id, scale, brand, origin_url) VALUES ('421', '1/8', 'Alter', 'https://alter-web.jp/products/210/');
INSERT INTO figure_name (figure_id, language_code, text) VALUES ('421', 'ja', '葉月 渚');
INSERT INTO series_name (figure_id, language_code, text) VALUES ('421', 'ja', 'Free!-Eternal Summer-');
INSERT INTO figure (id, scale, brand, origin_url) VALUES ('422', '1/8', 'Alter', 'https://alter-web.jp/products/211/');
INSERT INTO figure_name (figure_id, language_code, text) VALUES ('422', 'ja', '竜ヶ崎 怜');
INSERT INTO series_name (figure_id, language_code, text) VALUES ('422', 'ja', 'Free!-Eternal Summer-');
INSERT INTO figure (id, scale, brand, origin_url) VALUES ('423', '1/8', 'Alter', 'https://alter-web.jp/products/14/');
INSERT INTO figure_name (figure_id, language_code, text) VALUES ('423', 'ja', 'アーチャー');
INSERT INTO series_name (figure_id, language_code, text) VALUES ('423', 'ja', 'Fate/stay night [Unlimited Blade Works]');
INSERT INTO figure (id, scale, brand, origin_url) VALUES ('424', '1/8', 'Alter', 'https://alter-web.jp/products/204/');
INSERT INTO figure_name (figure_id, language_code, text) VALUES ('424', 'ja', '山崎 宗介');
INSERT INTO series_name (figure_id, language_code, text) VALUES ('424', 'ja', 'Free!-Eternal Summer-');
INSERT INTO figure (id, scale, brand, origin_url) VALUES ('425', '1/8', 'Alter', 'https://alter-web.jp/products/194/');
INSERT INTO figure_name (figure_id, language_code, text) VALUES ('425', 'ja', 'カミュ');
INSERT INTO series_name (figure_id, language_code, text) VALUES ('425', 'ja', 'うたの☆プリンスさまっ♪ マジLOVE2000％');
INSERT INTO figure (id, scale, brand, origin_url) VALUES ('426', '1/7', 'Alter', 'https://alter-web.jp/products/157/');
INSERT INTO figure_name (figure_id, language_code, text) VALUES ('426', 'ja', '朔間 零');
INSERT INTO series_name (figure_id, language_code, text) VALUES ('426', 'ja', 'あんさんぶるスターズ！');
INSERT INTO figure (id, scale, brand, origin_url) VALUES ('427', '1/8', 'Alter', 'https://alter-web.jp/products/186/');
INSERT INTO figure_name (figure_id, language_code, text) VALUES ('427', 'ja', '美風 藍');
INSERT INTO series_name (figure_id, language_code, text) VALUES ('427', 'ja', 'うたの☆プリンスさまっ♪ マジLOVE2000％');
INSERT INTO figure (id, scale, brand, origin_url) VALUES ('428', '1/7', 'Alter', 'https://alter-web.jp/products/183/');
INSERT INTO figure_name (figure_id, language_code, text) VALUES ('428', 'ja', '七瀬 遙＆橘 真琴');
INSERT INTO series_name (figure_id, language_code, text) VALUES ('428', 'ja', '映画 ハイ☆スピード！－Free! Starting Days－');
INSERT INTO figure (id, scale, brand, origin_url) VALUES ('429', '1/8', 'Alter', 'https://alter-web.jp/products/182/');
INSERT INTO figure_name (figure_id, language_code, text) VALUES ('429', 'ja', '黒崎 蘭丸');
INSERT INTO series_name (figure_id, language_code, text) VALUES ('429', 'ja', 'うたの☆プリンスさまっ♪ マジLOVE2000％');
INSERT INTO figure (id, scale, brand, origin_url) VALUES ('430', '1/8', 'Alter', 'https://alter-web.jp/products/184/');
INSERT INTO figure_name (figure_id, language_code, text) VALUES ('430', 'ja', '愛島 セシル');
INSERT INTO series_name (figure_id, language_code, text) VALUES ('430', 'ja', 'うたの☆プリンスさまっ♪ マジLOVE1000％');
INSERT INTO figure (id, scale, brand, origin_url) VALUES ('431', '1/8', 'Alter', 'https://alter-web.jp/products/185/');
INSERT INTO figure_name (figure_id, language_code, text) VALUES ('431', 'ja', '寿 嶺二');
INSERT INTO series_name (figure_id, language_code, text) VALUES ('431', 'ja', 'うたの☆プリンスさまっ♪ マジLOVE2000％');
INSERT INTO figure (id, scale, brand, origin_url) VALUES ('432', '1/7', 'Alter', 'https://alter-web.jp/products/45/');
INSERT INTO figure_name (figure_id, language_code, text) VALUES ('432', 'ja', '朔間 凛月');
INSERT INTO series_name (figure_id, language_code, text) VALUES ('432', 'ja', 'あんさんぶるスターズ！');
INSERT INTO figure (id, scale, brand, origin_url) VALUES ('433', '1/7', 'Alter', 'https://alter-web.jp/products/40/');
INSERT INTO figure_name (figure_id, language_code, text) VALUES ('433', 'ja', 'レオナルド・ウォッチ　Ending Ver.');
INSERT INTO series_name (figure_id, language_code, text) VALUES ('433', 'ja', '血界戦線');
INSERT INTO figure (id, scale, brand, origin_url) VALUES ('434', '1/8', 'Alter', 'https://alter-web.jp/products/46/');
INSERT INTO figure_name (figure_id, language_code, text) VALUES ('434', 'ja', 'テイルズ オブ エクシリア2　ユリウス・ウィル・クルスニク');
INSERT INTO series_name (figure_id, language_code, text) VALUES ('434', 'ja', 'テイルズ オブ エクシリア2');
INSERT INTO figure (id, scale, brand, origin_url) VALUES ('435', '1/8', 'Alter', 'https://alter-web.jp/products/41/');
INSERT INTO figure_name (figure_id, language_code, text) VALUES ('435', 'ja', 'テイルズ オブ エクシリア2　ルドガー・ウィル・クルスニク');
INSERT INTO series_name (figure_id, language_code, text) VALUES ('435', 'ja', 'テイルズ オブ エクシリア2');
INSERT INTO figure (id, scale, brand, origin_url) VALUES ('436', '1/8', 'Alter', 'https://alter-web.jp/products/42/');
INSERT INTO figure_name (figure_id, language_code, text) VALUES ('436', 'ja', '折原 臨也　サイケデリックVer.');
INSERT INTO series_name (figure_id, language_code, text) VALUES ('436', 'ja', 'デュラララ!!×2');
INSERT INTO figure (id, scale, brand, origin_url) VALUES ('437', '1/8', 'Alter', 'https://alter-web.jp/products/13/');
INSERT INTO figure_name (figure_id, language_code, text) VALUES ('437', 'ja', '伏見 猿比古');
INSERT INTO series_name (figure_id, language_code, text) VALUES ('437', 'ja', 'K MISSING KINGS');
INSERT INTO figure (id, scale, brand, origin_url) VALUES ('438', '1/8', 'Alter', 'https://alter-web.jp/products/19/');
INSERT INTO figure_name (figure_id, language_code, text) VALUES ('438', 'ja', '八田 美咲');
INSERT INTO series_name (figure_id, language_code, text) VALUES ('438', 'ja', 'K MISSING KINGS');
INSERT INTO figure (id, scale, brand, origin_url) VALUES ('439', '1/8', 'Alter', 'https://alter-web.jp/products/116/');
INSERT INTO figure_name (figure_id, language_code, text) VALUES ('439', 'ja', '七瀬 遙');
INSERT INTO series_name (figure_id, language_code, text) VALUES ('439', 'ja', 'Free!');
INSERT INTO figure (id, scale, brand, origin_url) VALUES ('440', '1/8', 'Alter', 'https://alter-web.jp/products/117/');
INSERT INTO figure_name (figure_id, language_code, text) VALUES ('440', 'ja', '橘 真琴');
INSERT INTO series_name (figure_id, language_code, text) VALUES ('440', 'ja', 'Free!');
INSERT INTO figure (id, scale, brand, origin_url) VALUES ('441', '1/8', 'Alter', 'https://alter-web.jp/products/90/');
INSERT INTO figure_name (figure_id, language_code, text) VALUES ('441', 'ja', '跡部 景吾');
INSERT INTO series_name (figure_id, language_code, text) VALUES ('441', 'ja', '新テニスの王子様');
INSERT INTO figure (id, scale, brand, origin_url) VALUES ('442', '1/8', 'Alter', 'https://alter-web.jp/products/84/');
INSERT INTO figure_name (figure_id, language_code, text) VALUES ('442', 'ja', '松岡 凛');
INSERT INTO series_name (figure_id, language_code, text) VALUES ('442', 'ja', 'Free!');
INSERT INTO figure (id, scale, brand, origin_url) VALUES ('443', '1/8', 'Alter', 'https://alter-web.jp/products/82/');
INSERT INTO figure_name (figure_id, language_code, text) VALUES ('443', 'ja', '折原 臨也　Renewal Ver.');
INSERT INTO series_name (figure_id, language_code, text) VALUES ('443', 'ja', 'デュラララ!!×2');
INSERT INTO figure (id, scale, brand, origin_url) VALUES ('444', '1/8', 'Alter', 'https://alter-web.jp/products/81/');
INSERT INTO figure_name (figure_id, language_code, text) VALUES ('444', 'ja', '平和島 静雄　Renewal Ver.');
INSERT INTO series_name (figure_id, language_code, text) VALUES ('444', 'ja', 'デュラララ!!×2');
INSERT INTO figure (id, scale, brand, origin_url) VALUES ('445', '1/8', 'Alter', 'https://alter-web.jp/products/79/');
INSERT INTO figure_name (figure_id, language_code, text) VALUES ('445', 'ja', 'テイルズ オブ グレイセス エフ　アスベル・ラント');
INSERT INTO series_name (figure_id, language_code, text) VALUES ('445', 'ja', 'テイルズ オブ グレイセス エフ');
INSERT INTO figure (id, scale, brand, origin_url) VALUES ('446', '1/8', 'Alter', 'https://alter-web.jp/products/74/');
INSERT INTO figure_name (figure_id, language_code, text) VALUES ('446', 'ja', 'テイルズ オブ シンフォニア　ロイド・アーヴィング');
INSERT INTO series_name (figure_id, language_code, text) VALUES ('446', 'ja', 'テイルズ オブ シンフォニア');
INSERT INTO figure (id, scale, brand, origin_url) VALUES ('447', '1/8', 'Alter', 'https://alter-web.jp/products/162/');
INSERT INTO figure_name (figure_id, language_code, text) VALUES ('447', 'ja', 'テイルズ オブ ジ アビス　ルーク・フォン・ファブレ');
INSERT INTO series_name (figure_id, language_code, text) VALUES ('447', 'ja', 'テイルズ オブ ジ アビス');
INSERT INTO figure (id, scale, brand, origin_url) VALUES ('448', '1/8', 'Alter', 'https://alter-web.jp/products/70/');
INSERT INTO figure_name (figure_id, language_code, text) VALUES ('448', 'ja', '四ノ宮 那月');
INSERT INTO series_name (figure_id, language_code, text) VALUES ('448', 'ja', 'うたの☆プリンスさまっ♪マジLOVE1000％');
INSERT INTO figure (id, scale, brand, origin_url) VALUES ('449', '1/8', 'Alter', 'https://alter-web.jp/products/71/');
INSERT INTO figure_name (figure_id, language_code, text) VALUES ('449', 'ja', '来栖 翔');
INSERT INTO series_name (figure_id, language_code, text) VALUES ('449', 'ja', 'うたの☆プリンスさまっ♪マジLOVE1000％');
INSERT INTO figure (id, scale, brand, origin_url) VALUES ('450', '1/8', 'Alter', 'https://alter-web.jp/products/20/');
INSERT INTO figure_name (figure_id, language_code, text) VALUES ('450', 'ja', '夏目 貴志');
INSERT INTO series_name (figure_id, language_code, text) VALUES ('450', 'ja', '夏目友人帳');
INSERT INTO figure (id, scale, brand, origin_url) VALUES ('451', '1/8', 'Alter', 'https://alter-web.jp/products/105/');
INSERT INTO figure_name (figure_id, language_code, text) VALUES ('451', 'ja', '聖川 真斗');
INSERT INTO series_name (figure_id, language_code, text) VALUES ('451', 'ja', 'うたの☆プリンスさまっ♪マジLOVE1000％');
INSERT INTO figure (id, scale, brand, origin_url) VALUES ('452', '1/8', 'Alter', 'https://alter-web.jp/products/106/');
INSERT INTO figure_name (figure_id, language_code, text) VALUES ('452', 'ja', '神宮寺 レン');
INSERT INTO series_name (figure_id, language_code, text) VALUES ('452', 'ja', 'うたの☆プリンスさまっ♪マジLOVE1000％');
INSERT INTO figure (id, scale, brand, origin_url) VALUES ('453', '1/8', 'Alter', 'https://alter-web.jp/products/97/');
INSERT INTO figure_name (figure_id, language_code, text) VALUES ('453', 'ja', 'テイルズ オブ シンフォニア　ゼロス・ワイルダー');
INSERT INTO series_name (figure_id, language_code, text) VALUES ('453', 'ja', 'テイルズ オブ シンフォニア');
INSERT INTO figure (id, scale, brand, origin_url) VALUES ('454', '1/8', 'Alter', 'https://alter-web.jp/products/144/');
INSERT INTO figure_name (figure_id, language_code, text) VALUES ('454', 'ja', '一十木 音也');
INSERT INTO series_name (figure_id, language_code, text) VALUES ('454', 'ja', 'うたの☆プリンスさまっ♪マジLOVE1000％');
INSERT INTO figure (id, scale, brand, origin_url) VALUES ('455', '1/8', 'Alter', 'https://alter-web.jp/products/145/');
INSERT INTO figure_name (figure_id, language_code, text) VALUES ('455', 'ja', '一ノ瀬 トキヤ');
INSERT INTO series_name (figure_id, language_code, text) VALUES ('455', 'ja', 'うたの☆プリンスさまっ♪マジLOVE1000％');
INSERT INTO figure (id, scale, brand, origin_url) VALUES ('456', '1/8', 'Alter', 'https://alter-web.jp/products/149/');
INSERT INTO figure_name (figure_id, language_code, text) VALUES ('456', 'ja', 'テイルズ オブ ヴェスペリア　天を射る矢（アルトスク）のレイヴン');
INSERT INTO series_name (figure_id, language_code, text) VALUES ('456', 'ja', 'テイルズ オブ ヴェスペリア');
INSERT INTO figure (id, scale, brand, origin_url) VALUES ('457', '1/8', 'Alter', 'https://alter-web.jp/products/143/');
INSERT INTO figure_name (figure_id, language_code, text) VALUES ('457', 'ja', 'ウェイバー・ベルベット');
INSERT INTO series_name (figure_id, language_code, text) VALUES ('457', 'ja', 'Fate/Zero');
INSERT INTO figure (id, scale, brand, origin_url) VALUES ('458', '1/8', 'Alter', 'https://alter-web.jp/products/134/');
INSERT INTO figure_name (figure_id, language_code, text) VALUES ('458', 'ja', 'テイルズ オブ エクシリア　ジュード・マティス');
INSERT INTO series_name (figure_id, language_code, text) VALUES ('458', 'ja', 'テイルズ オブ エクシリア');
INSERT INTO figure (id, scale, brand, origin_url) VALUES ('459', '1/8', 'Alter', 'https://alter-web.jp/products/451/');
INSERT INTO figure_name (figure_id, language_code, text) VALUES ('459', 'ja', '折原 臨也');
INSERT INTO series_name (figure_id, language_code, text) VALUES ('459', 'ja', 'デュラララ!!');
INSERT INTO figure (id, scale, brand, origin_url) VALUES ('460', '1/8', 'Alter', 'https://alter-web.jp/products/128/');
INSERT INTO figure_name (figure_id, language_code, text) VALUES ('460', 'ja', '一方通行（アクセラレータ）');
INSERT INTO series_name (figure_id, language_code, text) VALUES ('460', 'ja', 'とある魔術の禁書目録（インデックス）Ⅱ');
INSERT INTO figure (id, scale, brand, origin_url) VALUES ('461', '1/8', 'Alter', 'https://alter-web.jp/products/465/');
INSERT INTO figure_name (figure_id, language_code, text) VALUES ('461', 'ja', '平和島 静雄');
INSERT INTO series_name (figure_id, language_code, text) VALUES ('461', 'ja', 'デュラララ!!');
INSERT INTO figure (id, scale, brand, origin_url) VALUES ('462', '1/8', 'Alter', 'https://alter-web.jp/products/431/');
INSERT INTO figure_name (figure_id, language_code, text) VALUES ('462', 'ja', 'テイルズ オブ ヴェスペリア　フレン・シーフォ');
INSERT INTO series_name (figure_id, language_code, text) VALUES ('462', 'ja', 'テイルズ オブ ヴェスペリア');
INSERT INTO figure (id, scale, brand, origin_url) VALUES ('463', '1/8', 'Alter', 'https://alter-web.jp/products/426/');
INSERT INTO figure_name (figure_id, language_code, text) VALUES ('463', 'ja', 'テイルズ オブ ヴェスペリア　ユーリ・ローウェル');
INSERT INTO series_name (figure_id, language_code, text) VALUES ('463', 'ja', 'テイルズ オブ ヴェスペリア');
INSERT INTO figure (id, scale, brand, origin_url) VALUES ('464', '1/8', 'Alter', 'https://alter-web.jp/products/442/');
INSERT INTO figure_name (figure_id, language_code, text) VALUES ('464', 'ja', '木ノ瀬 梓');
INSERT INTO series_name (figure_id, language_code, text) VALUES ('464', 'ja', 'Starry☆Sky　～スタ・スカ～');
INSERT INTO figure (id, scale, brand, origin_url) VALUES ('465', '1/8', 'Alter', 'https://alter-web.jp/products/435/');
INSERT INTO figure_name (figure_id, language_code, text) VALUES ('465', 'ja', '池沢 佳主馬 & キング・カズマ');
INSERT INTO series_name (figure_id, language_code, text) VALUES ('465', 'ja', 'サマーウォーズ');
INSERT INTO figure (id, scale, brand, origin_url) VALUES ('466', '1/7', 'Alter', 'https://alter-web.jp/products/519/');
INSERT INTO figure_name (figure_id, language_code, text) VALUES ('466', 'ja', '近江 彼方　Special 7ver.');
INSERT INTO series_name (figure_id, language_code, text) VALUES ('466', 'ja', 'ラブライブ！虹ヶ咲学園スクールアイドル同好会');
INSERT INTO figure (id, scale, brand, origin_url) VALUES ('467', '1/7', 'Alter', 'https://alter-web.jp/products/512/');
INSERT INTO figure_name (figure_id, language_code, text) VALUES ('467', 'ja', 'アルクェイド・ブリュンスタッド');
INSERT INTO series_name (figure_id, language_code, text) VALUES ('467', 'ja', '月姫 -A piece of blue glass moon-');
INSERT INTO figure (id, scale, brand, origin_url) VALUES ('468', '1/7', 'Alter', 'https://alter-web.jp/products/500/');
INSERT INTO figure_name (figure_id, language_code, text) VALUES ('468', 'ja', '氷堂美智留 ～ランジェリーver.～');
INSERT INTO series_name (figure_id, language_code, text) VALUES ('468', 'ja', '冴えない彼女の育てかた♭');
INSERT INTO figure (id, scale, brand, origin_url) VALUES ('469', '1/6', 'Alter', 'https://alter-web.jp/products/62/');
INSERT INTO figure_name (figure_id, language_code, text) VALUES ('469', 'ja', 'ララ・サタリン・デビルーク　水着Ver.');
INSERT INTO series_name (figure_id, language_code, text) VALUES ('469', 'ja', 'To LOVEる -とらぶる- ダークネス');
INSERT INTO figure (id, scale, brand, origin_url) VALUES ('470', '1/7', 'Alter', 'https://alter-web.jp/products/485/');
INSERT INTO figure_name (figure_id, language_code, text) VALUES ('470', 'ja', '波島出海 ～ランジェリーver.～');
INSERT INTO series_name (figure_id, language_code, text) VALUES ('470', 'ja', '冴えない彼女の育てかた♭');
INSERT INTO figure (id, scale, brand, origin_url) VALUES ('471', '1/6', 'Alter', 'https://alter-web.jp/products/477/');
INSERT INTO figure_name (figure_id, language_code, text) VALUES ('471', 'ja', 'モモ・ベリア・デビルーク　-ベビードール Ver.-');
INSERT INTO series_name (figure_id, language_code, text) VALUES ('471', 'ja', 'To LOVEる -とらぶる- ダークネス');
INSERT INTO figure (id, scale, brand, origin_url) VALUES ('472', '1/7', 'Alter', 'https://alter-web.jp/products/259/');
INSERT INTO figure_name (figure_id, language_code, text) VALUES ('472', 'ja', '霞ヶ丘詩羽 ～ランジェリーver.～');
INSERT INTO series_name (figure_id, language_code, text) VALUES ('472', 'ja', '冴えない彼女の育てかた♭');
INSERT INTO figure (id, scale, brand, origin_url) VALUES ('473', '1/7', 'Alter', 'https://alter-web.jp/products/254/');
INSERT INTO figure_name (figure_id, language_code, text) VALUES ('473', 'ja', '澤村・スペンサー・英梨々　～ランジェリーver.～');
INSERT INTO series_name (figure_id, language_code, text) VALUES ('473', 'ja', '冴えない彼女の育てかた♭');
INSERT INTO figure (id, scale, brand, origin_url) VALUES ('474', '1/7', 'Alter', 'https://alter-web.jp/products/240/');
INSERT INTO figure_name (figure_id, language_code, text) VALUES ('474', 'ja', '加藤恵 ～ランジェリーver.～');
INSERT INTO series_name (figure_id, language_code, text) VALUES ('474', 'ja', '冴えない彼女の育てかた♭');
INSERT INTO figure (id, scale, brand, origin_url) VALUES ('475', '1/7', 'Alter', 'https://alter-web.jp/products/200/');
INSERT INTO figure_name (figure_id, language_code, text) VALUES ('475', 'ja', '桜内 梨子　Special 7ver.');
INSERT INTO series_name (figure_id, language_code, text) VALUES ('475', 'ja', 'ラブライブ！サンシャイン!!');
INSERT INTO figure (id, scale, brand, origin_url) VALUES ('476', '1/8', 'Alter', 'https://alter-web.jp/products/22/');
INSERT INTO figure_name (figure_id, language_code, text) VALUES ('476', 'ja', '柳生十兵衛　ファイナルブライドVer.');
INSERT INTO series_name (figure_id, language_code, text) VALUES ('476', 'ja', '百花繚乱');
INSERT INTO figure (id, scale, brand, origin_url) VALUES ('477', '1/6', 'Alter', 'https://alter-web.jp/products/60/');
INSERT INTO figure_name (figure_id, language_code, text) VALUES ('477', 'ja', 'ララ・サタリン・デビルーク　-パステルコーデ Ver.-');
INSERT INTO series_name (figure_id, language_code, text) VALUES ('477', 'ja', 'To LOVEる -とらぶる- ダークネス');
INSERT INTO figure (id, scale, brand, origin_url) VALUES ('478', '1/8', 'Alter', 'https://alter-web.jp/products/55/');
INSERT INTO figure_name (figure_id, language_code, text) VALUES ('478', 'ja', 'シャルル・ド・ダルタニアン');
INSERT INTO series_name (figure_id, language_code, text) VALUES ('478', 'ja', '百花繚乱');
INSERT INTO figure (id, scale, brand, origin_url) VALUES ('479', '1/8', 'Alter', 'https://alter-web.jp/products/161/');
INSERT INTO figure_name (figure_id, language_code, text) VALUES ('479', 'ja', '上杉景勝');
INSERT INTO series_name (figure_id, language_code, text) VALUES ('479', 'ja', '百花繚乱');
INSERT INTO figure (id, scale, brand, origin_url) VALUES ('480', '1/7', 'Alter', 'https://alter-web.jp/products/76/');
INSERT INTO figure_name (figure_id, language_code, text) VALUES ('480', 'ja', 'あんこ ＆ デラ');
INSERT INTO series_name (figure_id, language_code, text) VALUES ('480', 'ja', 'たまこまーけっと');
INSERT INTO figure (id, scale, brand, origin_url) VALUES ('481', '1/8', 'Alter', 'https://alter-web.jp/products/459/');
INSERT INTO figure_name (figure_id, language_code, text) VALUES ('481', 'ja', '後藤又兵衛');
INSERT INTO series_name (figure_id, language_code, text) VALUES ('481', 'ja', '百花繚乱');
INSERT INTO figure (id, scale, brand, origin_url) VALUES ('482', '1/8', 'Alter', 'https://alter-web.jp/products/394/');
INSERT INTO figure_name (figure_id, language_code, text) VALUES ('482', 'ja', '真田幸村　Version 2.0');
INSERT INTO series_name (figure_id, language_code, text) VALUES ('482', 'ja', '百花繚乱');
INSERT INTO figure (id, scale, brand, origin_url) VALUES ('483', '1/6', 'Alter', 'https://alter-web.jp/products/403/');
INSERT INTO figure_name (figure_id, language_code, text) VALUES ('483', 'ja', 'セイバーオルタ　メイドVer.');
INSERT INTO series_name (figure_id, language_code, text) VALUES ('483', 'ja', 'Fate/hollow ataraxia');
INSERT INTO figure (id, scale, brand, origin_url) VALUES ('484', '1/8', 'Alter', 'https://alter-web.jp/products/401/');
INSERT INTO figure_name (figure_id, language_code, text) VALUES ('484', 'ja', '服部半蔵　HJ限定版');
INSERT INTO series_name (figure_id, language_code, text) VALUES ('484', 'ja', '百花繚乱');
INSERT INTO figure (id, scale, brand, origin_url) VALUES ('485', '1/8', 'Alter', 'https://alter-web.jp/products/475/');
INSERT INTO figure_name (figure_id, language_code, text) VALUES ('485', 'ja', '真田幸村');
INSERT INTO series_name (figure_id, language_code, text) VALUES ('485', 'ja', '百花繚乱');
INSERT INTO figure (id, scale, brand, origin_url) VALUES ('486', '1/8', 'Alter', 'https://alter-web.jp/products/368/');
INSERT INTO figure_name (figure_id, language_code, text) VALUES ('486', 'ja', '天城 雪子');
INSERT INTO series_name (figure_id, language_code, text) VALUES ('486', 'ja', 'ペルソナ４');
INSERT INTO figure (id, scale, brand, origin_url) VALUES ('487', '1/8', 'Alter', 'https://alter-web.jp/products/331/');
INSERT INTO figure_name (figure_id, language_code, text) VALUES ('487', 'ja', 'Xenosaga Ⅲ　KOS-MOS Ver.4');
INSERT INTO series_name (figure_id, language_code, text) VALUES ('487', 'ja', 'ゼノサーガ エピソードⅢ [ツァラトゥストラはかく語りき]');
INSERT INTO figure (id, scale, brand, origin_url) VALUES ('488', '1/8', 'Alter', 'https://alter-web.jp/products/359/');
INSERT INTO figure_name (figure_id, language_code, text) VALUES ('488', 'ja', 'POP WONDERLAND 『赤ずきん』');
INSERT INTO series_name (figure_id, language_code, text) VALUES ('488', 'ja', 'POP WONDERLAND　 赤ずきん');
INSERT INTO figure (id, scale, brand, origin_url) VALUES ('489', '1/8', 'Alter', 'https://alter-web.jp/products/337/');
INSERT INTO figure_name (figure_id, language_code, text) VALUES ('489', 'ja', 'POP WONDERLAND 『ふしぎの国のアリス』');
INSERT INTO series_name (figure_id, language_code, text) VALUES ('489', 'ja', 'POP WONDERLAND　 ふしぎの国のアリス');
INSERT INTO figure (id, scale, brand, origin_url) VALUES ('490', '1/8', 'Alter', 'https://alter-web.jp/products/336/');
INSERT INTO figure_name (figure_id, language_code, text) VALUES ('490', 'ja', 'Xenosaga Ⅲ　T-elos');
INSERT INTO series_name (figure_id, language_code, text) VALUES ('490', 'ja', 'ゼノサーガ エピソードⅢ [ツァラトゥストラはかく語りき]');
INSERT INTO figure (id, scale, brand, origin_url) VALUES ('491', '1/7', 'Alter', 'https://alter-web.jp/products/330/');
INSERT INTO figure_name (figure_id, language_code, text) VALUES ('491', 'ja', '一橋 ゆりえ　制服Ver.');
INSERT INTO series_name (figure_id, language_code, text) VALUES ('491', 'ja', 'かみちゅ！');
INSERT INTO figure (id, scale, brand, origin_url) VALUES ('492', '1/8', 'Alter', 'https://alter-web.jp/products/321/');
INSERT INTO figure_name (figure_id, language_code, text) VALUES ('492', 'ja', '梓川 月乃　水着Ver.');
INSERT INTO series_name (figure_id, language_code, text) VALUES ('492', 'ja', '焼きたて!!ジャぱん');
INSERT INTO figure (id, scale, brand, origin_url) VALUES ('493', '1/8', 'Alter', 'https://alter-web.jp/products/308/');
INSERT INTO figure_name (figure_id, language_code, text) VALUES ('493', 'ja', '梓川 月乃　パンタジア制服Ver.');
INSERT INTO series_name (figure_id, language_code, text) VALUES ('493', 'ja', '焼きたて!!ジャぱん');
INSERT INTO figure (id, scale, brand, origin_url) VALUES ('494', '1/7', 'Alter', 'https://alter-web.jp/products/306/');
INSERT INTO figure_name (figure_id, language_code, text) VALUES ('494', 'ja', '草薙 素子');
INSERT INTO series_name (figure_id, language_code, text) VALUES ('494', 'ja', '攻殻機動隊 S.A.C. 2nd GIG');
